SMILES,measured log(solubility:mol/L)
ClCC(Cl)(Cl)Cl,-2.18
CC(Cl)(Cl)Cl,-2
ClC(Cl)C(Cl)Cl,-1.74
ClCC(Cl)Cl,-1.48
FC(F)(Cl)C(F)(Cl)Cl,-3.04
CC(Cl)Cl,-1.29
ClC(=C)Cl,-1.64
CCOC(C)OCC,-0.43
Clc1ccc(Cl)c(Cl)c1Cl,-4.57
C1CCc2ccccc2C1,-4.37
Clc1cc(Cl)c(Cl)c(Cl)c1,-4.63
Clc1cccc(Cl)c1Cl,-4
Cc1cccc(C)c1C,-3.2
Brc1cc(Br)c(Br)cc1Br,-6.98
Clc1cc(Cl)c(Cl)cc1Cl,-5.56
Cc1cc(C)c(C)cc1C,-4.59
c1(Br)c(Br)cc(Br)cc1,-4.5
Clc1ccc(Cl)c(Cl)c1,-3.59
Cc1ccc(C)c(C)c1,-3.31
Oc1ccccc1O,0.62
Brc1ccccc1Br,-3.5
BrCCBr,-1.68
Clc1ccccc1Cl,-3.05
ClCCCl,-1.06
CC(Cl)CCl,-1.6
FC(F)(Cl)C(F)(F)Cl,-2.74
CCOCCOCC,-0.77
CCc1ccccc1CC,-3.28
O=N(=O)c1ccccc1N(=O)=O,-3.1
CC1CO1,-0.59
Brc1cc(Br)cc(Br)c1,-5.6
Clc1cc(Cl)cc(Cl)c1,-4.48
Cc1cc(C)cc(C)c1,-3.4
O=N(=O)c1cc(cc(c1)N(=O)=O)N(=O)=O,-2.89
Oc1cccc(O)c1,0.81
C=CC=C,-1.87
Brc1cccc(Br)c1,-3.54
Clc1cccc(Cl)c1,-3.04
ClCCCCl,-1.62
CCNC(=S)NCC,-1.46
Fc1cccc(F)c1,-2
Cc1cc(C)c2ccccc2c1,-4.29
O=N(=O)c1cccc(c1)N(=O)=O,-2.29
Oc1ccc(O)cc1,-0.17
C1C=CCC=C1,-2.06
Brc1ccc(Br)cc1,-4.07
Clc1ccc(Cl)cc1,-3.27
CCc1ccc(CC)cc1,-3.75
Fc1ccc(F)cc1,-1.97
Cc1ccc(C)c2ccccc12,-4.14
O=N(=O)c1ccc(cc1)N(=O)=O,-3.39
C=CCC=C,-2.09
Cc1cccc2c(C)cccc12,-4.679
C=CCCC=C,-2.68
c1cnc2c(c1)ccc3ncccc23,-2.68
CC12CCC(CC1)C(C)(C)O2,-1.74
CC1(O)CCC2C3CCC4=CC(=O)CCC4(C)C3CCC21C,-3.999
Nc2cccc3nc1ccccc1cc23 ,-4.22
CC(C)CBr,-2.43
CCCCBr,-2.37
CCCCCCCBr,-4.43
CCCCCCBr,-3.81
Brc1cccc2ccccc12,-4.35
CCCCCCCCBr,-5.06
CCCCCBr,-3.08
CCCBr,-1.73
CCCCO,0
CCC=C,-1.94
CCC#C,-1.24
ClCCBr,-1.32
ClCC(C)C,-2
CCCCCl,-2.03
CCCCCCCCl,-4
CCCCCCCl,-3.12
Clc1cccc2ccccc12,-3.93
CCCCCCl,-2.73
CCCCl,-1.47
CCCCCCCCCCO,-3.63
CCCCCCCCC=C,-5.51
CCCCCCCCCCCCO,-4.8
CCc1cccc2ccccc12,-4.17
CCCCCCCO,-1.81
CCCCCC=C,-3.73
CCCCCC#C,-3.01
CCCCCCCCCCCCCCCCO,-7
CCCCCCO,-1.24
CCCCC=C,-3.23
CCCC(O)C=C,-0.59
CCCCC#C,-2.36
CCCCI,-2.96
CCCCCCCI,-4.81
Ic1cccc2ccccc12,-4.55
CCCI,-2.29
CC1=CCCCC1,-3.27
Cc1cccc2c1Cc3ccccc32,-5.22
Cc1cccc2ccccc12,-3.7
Cc1cccc2c1ccc3ccccc32,-5.85
Cn1ccc(=O)[nH]c1=O,-0.807
Oc1cccc2ccccc12,-2.22
Nc1cccc2ccccc12,-1.92
O=N(=O)c1cccc2ccccc12,-3.54
CCCN(=O)=O,-0.8
CCCCCCCCCO,-3.01
CCCCCCCC=C,-5.05
CCCCCCCC#C,-4.24
CCCCCCCCCCCCCCCCCCO,-8.4
CCCCCCCCO,-2.39
CCCCCCC=C,-4.44
CCCCCCC#C,-3.66
CCCCCCCCCCCCCCCO,-6.35
CCCCCO,-0.6
CCCC=C,-2.68
CCCC#C,-1.64
CC(O)c1ccccc1,-0.92
CCCO,0.62
CCCCCCCCCCCCCCO,-5.84
Clc1c(Cl)c(Cl)c(c(Cl)c1Cl)c2c(Cl)c(Cl)c(Cl)c(Cl)c2Cl ,-11.6
Clc1cc(c(Cl)c(Cl)c1Cl)c2cc(Cl)c(Cl)c(Cl)c2Cl,-9.16
Clc1ccc(c(Cl)c1Cl)c2ccc(Cl)c(Cl)c2Cl ,-8.01
Clc1cc(Cl)c(Cl)c(c1Cl)c2c(Cl)c(Cl)cc(Cl)c2Cl ,-9.15
Clc1cccc(c1Cl)c2c(Cl)c(Cl)cc(Cl)c2Cl ,-8.6
Clc1cccc(c1Cl)c2cccc(Cl)c2Cl,-7.28
Clc1ccc(c(Cl)c1)c2c(Cl)c(Cl)c(Cl)c(Cl)c2Cl,-7.92
Clc1ccc(Cl)c(c1)c2c(Cl)c(Cl)c(Cl)c(Cl)c2Cl,-8.94
Clc1ccc(Cl)c(c1)c2cc(Cl)c(Cl)c(Cl)c2Cl,-7.68
Clc1cc(Cl)c(cc1Cl)c2cccc(Cl)c2Cl ,-7.21
Clc1ccc(c(Cl)c1)c2c(Cl)ccc(Cl)c2Cl ,-7.43
Clc1ccc(Cl)c(c1)c2c(Cl)c(Cl)cc(Cl)c2Cl ,-7.42
Clc1ccc(Cl)c(c1)c2cccc(Cl)c2Cl ,-6.47
CC(C)C(C)(C)C,-4.36
Clc1cc(Cl)c(cc1Cl)c2cc(Cl)c(Cl)cc2Cl ,-8.56
Clc1cc(Cl)c(c(Cl)c1)c2c(Cl)cc(Cl)cc2Cl ,-8.71
Clc1ccc(c(Cl)c1)c2cc(Cl)ccc2Cl ,-6.57
Clc1cc(Cl)c(c(Cl)c1)c2c(Cl)cccc2Cl,-7.32
CC(C)CC(C)(C)C,-4.74
CC(C)CCC(C)(C)C,-5.05
Clc1cccc(Cl)c1c2c(Cl)cccc2Cl ,-7.39
CCC(C)(C)CO,-1.04
CCC(C)(C)C,-3.55
CCCC(C)(C)C,-4.36
CCCC(C)(C)CO,-1.52
CC(C)(C)CO,-0.4
Clc1ccccc1c2ccccc2Cl ,-5.27
Clc1ccc(cc1Cl)c2cc(Cl)c(Cl)c(Cl)c2Cl ,-7.82
Clc1ccc(c(Cl)c1Cl)c2c(Cl)cc(Cl)c(Cl)c2Cl ,-7.66
Clc1ccc(c(Cl)c1)c2cc(Cl)c(Cl)c(Cl)c2Cl ,-7.39
Clc1ccc(c(Cl)c1)c2ccc(Cl)c(Cl)c2Cl ,-7.8
Clc2c(Cl)c(Cl)c(c1ccccc1)c(Cl)c2Cl ,-7.92
Clc1ccc(Cl)c(c1)c2ccc(Cl)c(Cl)c2,-7.25
Oc1cc(Cl)c(Cl)c(Cl)c1Cl,-3.15
Oc1c(Cl)cc(Cl)c(Cl)c1Cl,-3.1
Clc1ccc(cc1)c2cccc(Cl)c2Cl ,-6.29
Oc1ccc(Cl)c(Cl)c1Cl,-2.67
CC(C)C(C)C(C)C,-4.8
Oc1c(Cl)c(Cl)cc(Cl)c1Cl,-3.37
Clc1cccc(c1)c2cc(Cl)ccc2Cl ,-6.01
Oc1cc(Cl)cc(Cl)c1Cl,-2.67
Oc1c(Cl)ccc(Cl)c1Cl,-2.64
O=N(=O)c1c(Cl)c(Cl)ccc1,-3.48
Oc1cccc(Cl)c1Cl,-1.3
CC(=C)C(=C)C,-2.4
CC(C)C(C)C,-3.65
Cc1cc2ccccc2cc1C,-4.72
CCC(C)C(C)C,-4.28
Cc1cccnc1C,0.38
Clc1ccc(cc1)c2cc(Cl)ccc2Cl ,-6.27
Oc1cc(Cl)c(Cl)cc1Cl,-2.21
Clc1ccc(cc1)c2c(Cl)cccc2Cl ,-6.14
Oc1c(Cl)cc(Cl)cc1Cl,-2.34
Cc1cc(C)c(O)c(C)c1,-2.05
Cc1c(cc(cc1N(=O)=O)N(=O)=O)N(=O)=O,-3.22
Oc1ccc(Cl)cc1Cl,-1.55
CC(C)CC(C)(C)O,-0.92
CC(C)C(O)C(C)C,-1.22
CC(C)C(=O)C(C)C,-1.3
CC(C)CC(C)C,-4.26
Cc1ccc(O)c(C)c1,-1.19
Cc1ccnc(C)c1,0.38
Cc1ccc(cc1N(=O)=O)N(=O)=O,-2.82
Clc1ccc(cc1)c2ccccc2Cl ,-5.28
Oc1c(Cl)cccc1Cl,-1.79
Cc1ccc2cc(C)ccc2c1,-4.89
Cc1cccc(C)c1O,-1.29
Cc1cccc(C)n1,0.45
Cc1c(cccc1N(=O)=O)N(=O)=O,-3
Clc1cccc(Cl)c1c2ccccc2 ,-5.21
c2c(C)cc1nc(C)ccc1c2 ,-1.94
Nc3ccc2cc1ccccc1cc2c3 ,-5.17
c1c(Br)ccc2ccccc12 ,-4.4
Brc1ccc2ccccc2c1,-4.4
CC(C)Br,-1.59
Cc1ccccc1Br,-2.23
CCC(=O)C,0.52
CC=CC=O,0.32
CCCCOCCO,-0.42
CCC(C)(C)Cl,-2.51
COc1ccccc1Cl,-2.46
Clc1ccccc1c2ccccc2,-4.54
CCC(C)Cl,-1.96
Clc1ccc2ccccc2c1,-4.14
Oc1ccccc1Cl,-1.06
CC(C)Cl,-1.41
Cc1ccccc1Cl,-3.52
NC(N)=NC#N ,-0.31
CCCCCCCCC(=O)C,-3.3
CCc1ccccn1,0.51
CCC(CC)CO,-1.17
CCCCC(CC)CO,-2.11
CCCC=C(CC)C=O,-2.46
CCC(CC)C=O,-1.52
CCCCC(CC)C=O,-2.13
CCc1ccc2ccccc2c1,-4.29
CCc1ccccc1C,-3.21
CCCCCC(C)O,-1.55
CCCCCC(=O)C,-1.45
CCCCC(C)O,-0.89
CCCCC(=O)C,-0.8
Oc2ncc1nccnc1n2,-1.947
Oc1ccccn1,1.02
CC(C)I,-2.09
CC(C)c1ccccc1C,-3.76
COc2ncc1nccnc1n2,-1.11
CC=C(C)C,-2.56
CC(=C)C=C,-2.03
CCC(=C)C,-2.73
CCCC(=C)C,-3.03
CCCCCC(C)(C)O,-1.72
CCCCC(C)(C)O,-1.08
CCCC(C)(C)O,-0.49
CCC(O)C(C)C,-0.7
Cc1ccc2cc3ccccc3cc2c1,-6.96
CCC(C)(C)O,0.15
CCC(C)C,-3.18
CCC(C)CO,-0.47
CCCCCC(C)C,-5.08
Cc1ccc2ccccc2c1,-3.77
CCCC(C)C,-3.74
CCCC(C)CO,-1.11
Cc1ccc2c(ccc3ccccc32)c1,-5.84
Cc1ccccc1O,-0.62
CC(C)CO,0.1
CC(C)C,-2.55
CC(=C)C,-2.33
Cc2ncc1nccnc1n2,-0.12
CC1CCCO1,0.11
Oc1ccc2ccccc2c1,-2.28
CC(C)N(=O)=O,-0.62
CCCCCCCC(C)O,-2.74
CCCCCCCC(=O)C,-2.58
CCCCCCC(C)O,-2.09
CCCCCCC(=O)C,-2.05
CCCC(C)O,-0.29
CCCC(=O)C,-0.19
OCCOc1ccccc1,-0.7
CC(C)O,0.43
O=C1CCCN1,1.07
CCCCCCCCCC(C)O,-2.94
CC(C)(C)CCO,-0.5
CC(O)C(C)(C)C,-0.62
CC(=O)C(C)(C)C,-0.72
CCC(C)(C)CC,-4.23
O=N(=O)c1cc(Cl)c(Cl)cc1,-3.2
Oc1ccc(Cl)c(Cl)c1,-1.25
Cc1ccc(O)cc1C,-1.38
Cc1ccncc1C,0.36
Clc1ccc(cc1Cl)c2ccccc2 ,-6.39
Oc1cc(Cl)cc(Cl)c1,-1.34
Cc1cc(C)cc(O)c1,-1.4
Cc1cncc(C)c1,0.38
O=C1N(COC(=O)CCC)C(=O)C(N1)(c2ccccc2)c3ccccc3,-5.071
COc1cccc(Cl)c1,-2.78
c1c(Cl)cccc1c2ccccc2,-4.88
Oc1cccc(Cl)c1,-0.7
ClCCC#N ,-0.29
O=C1N(COC(=O)C)C(=O)C(N1)(c2ccccc2)c3ccccc3,-4.47
CCC(O)(CC)CC,-0.85
CCCCC(O)CC,-1.47
O=C1N(COC(=O)CCCCCC)C(=O)C(N1)(c2ccccc2)c3ccccc3,-6.301
CCCC(O)CC,-0.8
CCCC(=O)CC,-0.83
O=C1N(COC(=O)CCCCC)C(=O)C(N1)(c2ccccc2)c3ccccc3,-5.886
CCC#CCC,-1.99
CC(C)C=C,-2.73
CC(C)C(C)O,-0.18
CC(C)C(=O)C,-0.12
CCC(C)CCO,-0.72
CCC(C)C(=O)C,-0.67
CCCCC(C)(O)CC,-1.6
CCCC(C)(O)CC,-0.98
CCC(C)(O)CC,-0.36
CC(C)CCO,-0.51
c1cc(C)cc2c1c3cc4cccc5CCc(c45)c3cc2,-7.92
CCCCC(C)CC,-5.16
Cc1c[nH]c2ccccc12 ,-2.42
CCC(C)CC,-3.68
Cc1cccc(O)c1,-0.68
CCCCCC(O)CC,-1.98
O=C1N(COC(=O)CCCCCCC)C(=O)C(N1)(c2ccccc2)c3ccccc3,-6.523
CCC(O)CC,-0.24
CCC(=O)CC,-0.28
O=C1N(COC(=O)CCCC)C(=O)C(N1)(c2ccccc2)c3ccccc3,-4.678
O=C1N(COC(=O)CC)C(=O)C(N1)(c2ccccc2)c3ccccc3,-4.907
Clc1ccc(cc1)c2ccc(Cl)cc2 ,-6.56
Oc1ccc(Br)cc1,-1.09
Cc1ccc(Br)cc1,-3.19
COc1ccc(Cl)cc1,-2.78
Oc1ccc(Cl)cc1,-0.7
Cc1ccc(Cl)cc1,-3.08
CCc1ccc(C)cc1,-3.11
CCCC(O)CCC,-1.4
CCCC(=O)CCC,-1.3
c1(O)cc(O)ccc1CCCCCC,-2.59
Oc1ccncc1,1.02
CC(C)c1ccc(C)cc1,-3.77
COc1ncnc2nccnc12 ,-1.11
CC(C)CC(C)O,-0.8
CC(C)CC(=O)C,-0.74
Cc1ccc(cc1)c2ccccc2,-4.62
CC(C)CCCO,-1.14
Cc1ncnc2nccnc12,-0.466
CC(=O)Nc1ccc(cc1)N(=O)=O,-2.692
OCCCC=C,-0.15
O=C1NC(=O)NC(=O)C1(CC)CC=C(C)C,-2.253
O=C1NC(=O)NC(=O)C1(C(C)C)CC=C(C)C,-2.593
O=C1NC(=O)NC(=O)C1(CC=C)CC=C,-2.077
O=C1NC(=O)NC(=O)C1(C(C)C)C(C)C,-2.766
O=C1NC(=O)NC(=O)C1(C)C,-1.742
Oc2ccc1CCCCc1c2 ,-1.99
Cc1c(C)c2c3ccccc3ccc2c4ccccc14,-7.01
O=C1NC(=O)NC(=O)C1(CC)CC=C,-1.614
O=C1NC(=O)NC(=O)C1(C(C)C)CC=C,-1.708
O=C1NC(=O)NC(=O)C1(C)CC=C,-1.16
O=C1NC(=O)NC(=O)C1(CC=C)c1ccccc1,-2.369
O=C1NC(=O)NC(=O)C1(CC)CCC(C)C,-2.658
O=C1NC(=O)NC(=O)C1(CC)C(C)C,-2.148
O=C1NC(=O)NC(=O)C1(CC)c1ccccc1,-2.322
Fc1c[nH]c(=O)[nH]c1=O ,-1.077
Oc1cccc2ncccc12 ,-2.54
O=C1NC(=O)NC(=O)C1(C)CC,-1.228
c1cccc2c3c(C)cc4ccccc4c3ccc12,-6.59
Nc1c(C)c[nH]c(=O)n1 ,-1.458
CCCCC(=O)CCCC,-2.58
Nc3cc2c1ccccc1ccc2c4ccccc34 ,-6.2
Oc2ccc1ncccc1c2 ,-2.16
COc2cnc1ncncc1n2,-1.139
Cc1cc2c3ccccc3ccc2c4ccccc14,-6.57
Cc1c2ccccc2c(C)c3ccc4ccccc4c13,-7.02
COc2cnc1cncnc1n2,-0.91
Cc2cnc1cncnc1n2,-0.854
Oc1cccc2cccnc12 ,-2.42
Cc1c2ccccc2c(C)c3ccccc13,-6.57
c3ccc2c(O)c1ccccc1cc2c3 ,-4.73
Cc1c2ccccc2cc3ccccc13,-5.89
COP(=S)(OC)Oc1ccc(Sc2ccc(OP(=S)(OC)OC)cc2)cc1,-6.237
C1Cc2cccc3cccc1c23,-4.63
C1=Cc2cccc3cccc1c23,-3.96
COP(=O)(NC(C)=O)SC ,0.54
CC(=O)N,1.58
CC(=O)Nc1ccccc1,-1.33
CC(=O)Nc1nnc(s1)S(N)(=O)=O ,-2.36
CC#N,0.26
CC(=O)c1ccccc1,-1.28
CC(=O)N(S(=O)c1ccc(N)cc1)c2onc(C)c2C ,-3.59
c3ccc2nc1ccccc1cc2c3,-3.67
C=CC=O,0.57
C=CC#N,0.15
Nc1ncnc2nc[nH]c12 ,-2.12
CC34CC(=O)C1C(CCC2=CC(=O)CCC12C)C3CCC4(=O) ,-3.48
CCc1cccc(CC)c1N(COC)C(=O)CCl ,-3.26
CC13CCC(=O)C=C1CCC4C2CCC(C(=O)CO)C2(CC(O)C34)C=O ,-3.85
ClC1=C(Cl)C2(Cl)C3C4CC(C=C4)C3C1(Cl)C2(Cl)Cl,-6.307
NC(=O)NC1NC(=O)NC1=O ,-1.6
C=CCS(=O)SCC=C,-0.83
O=c1[nH]cnc2[nH]ncc12 ,-2.266
O=C1NC(=O)C(=O)C(=O)N1 ,-1.25
C1(=O)NC(=O)NC(=O)C1(O)C2(O)C(=O)NC(=O)NC2(=O),-1.99
CN(C)c1nc(nc(n1)N(C)C)N(C)C,-3.364
CCNc1nc(NC(C)C)nc(SC)n1,-3.04
OCC3OC(OCC2OC(OC(C#N)c1ccccc1)C(O)C(O)C2O)C(O)C(O)C3O ,-0.77
CNC(=O)Oc1ccc(N(C)C)c(C)c1,-2.36
CN(C)c2c(C)n(C)n(c1ccccc1)c2=O ,-0.364
Nc1nccs1 ,-0.36
CN(C=Nc1ccc(C)cc1C)C=Nc2ccc(C)cc2C,-5.47
Nc1nc[nH]n1,0.522
CCC1(CCC(C)C)C(=O)NC(=O)NC1=O,-2.468
Cc2c(N)c(=O)n(c1ccccc1)n2C,-0.624
COc1ccc(cc1)C(O)(C2CC2)c3cncnc3 ,-2.596
CC34CCC1C(CCC2=CC(=O)CCC12C)C3CCC4=O,-3.69
CC12CCC(O)CC1CCC3C2CCC4(C)C3CCC4=O,-4.402
COc1ccc(C=CC)cc1,-3.13
Nc1ccccc1,-0.41
COP(=S)(OC)SCC(=O)N(C(C)C)c1ccc(Cl)cc1,-4.432
COc1ccccc1,-1.85
c1ccc2cc3ccccc3cc2c1,-6.35
O=C1c2ccccc2C(=O)c3ccccc13,-5.19
Cc1cc(=O)n(c2ccccc2)n1C,0.715
CCCC1C(=O)N3N(C1=O)c2cc(C)ccc2N=C3N(C)C ,-3.538
OC4=C(C1CCC(CC1)c2ccc(Cl)cc2)C(=O)c3ccccc3C4=O,-5.931
CCNc1nc(NC(C)C)nc(OC)n1,-2.084
CCNc1nc(Cl)nc(NC(C)C)n1,-3.85
CCN(CC)C(=O)CSc1ccc(Cl)nn1,-1.716
N(=Nc1ccccc1)c2ccccc2,-4.45
CNC(=O)C=C(C)OP(=O)(OC)OC,0.651
ClCC#CCOC(=O)Nc1cccc(Cl)c1,-4.37
O=C1NC(=O)NC(=O)C1(CC)CC,-2.4
NS(=O)(=O)c3cc2c(NC(Cc1ccccc1)NS2(=O)=O)cc3C(F)(F)F,-3.59
CCCCN(CC)c1c(cc(cc1N(=O)=O)C(F)(F)F)N(=O)=O,-5.53
CCOC(=O)CCN(SN(C)C(=O)Oc1cccc2CC(C)(C)Oc21)C(C)C,-4.71
c1c(NC(=O)c2ccccc2(I))cccc1,-4.21
CCCCNC(=O)n1c(NC(=O)OC)nc2ccccc12,-4.883
CC(C)OP(=S)(OC(C)C)SCCNS(=O)(=O)c1ccccc1,-4.2
O=Cc1ccccc1,-1.19
NC(=O)c1ccccc1,-0.96
c1ccccc1,-1.64
c1ccccc1C(O)c2ccccc2,-2.55
O=C(Cn1ccnc1N(=O)=O)NCc2ccccc2,-2.81
C1c2ccccc2c3ccc4ccccc4c13,-6.68
c1ccc2c(c1)cc3ccc4cccc5ccc2c3c45,-8.699
c1ccc2c(c1)c3cccc4c3c2cc5ccccc54,-8.23
C1c2ccccc2c3cc4ccccc4cc13,-8.04
c1ccc2c(c1)c3cccc4ccc5cccc2c5c43,-7.8
c1ccc2c3c(ccc2c1)c4cccc5cccc3c45,-8
c1ccc2cc3c4cccc5cccc(c3cc2c1)c45,-8.49
c1cc2ccc3ccc4ccc5cccc6c(c1)c2c3c4c56,-9.018
CCOC(=O)c1ccc(N)cc1,-2.616
OC(C(=O)c1ccccc1)c2ccccc2,-2.85
N#Cc1ccccc1,-1
O=C(c1ccccc1)c2ccccc2,-3.12
c2ccc1scnc1c2 ,-1.5
c2ccc1[nH]nnc1c2,-0.78
c2ccc1ocnc1c2,-1.16
ClCc1ccccc1,-2.39
FC(F)(F)c1ccccc1,-2.51
NC(=O)NCc1ccccc1 ,-0.95
CCCCC(=O)OC3(C(C)CC4C2CCC1=CC(=O)C=CC1(C)C2(F)C(O)CC34C)C(=O)CO,-4.71
C(Cc1ccccc1)c2ccccc2,-4.62
c1ccc(cc1)c2ccccc2,-4.345
c2ccc1nc(ccc1c2)c4ccc3ccccc3n4 ,-5.4
CC1(C)C2CCC1(C)C(O)C2,-2.32
CCC(C)n1c(=O)[nH]c(C)c(Br)c1=O ,-2.523
OC(CC(c1ccccc1)c3c(O)c2ccccc2oc3=O)c4ccc(cc4)c5ccc(Br)cc5 ,-4.445
Brc1ccccc1,-2.55
ClCBr,-0.89
BrC(Cl)Cl,-1.54
CCBr,-1.09
CBr,-0.79
COP(=S)(OC)Oc1cc(Cl)c(Br)cc1Cl,-6.09
CC(C)OC(=O)C(O)(c1ccc(Br)cc1)c2ccc(Br)cc2 ,-4.93
Oc1c(Br)cc(C#N)cc1Br ,-3.33
c1ccccc1n2ncc(N)c(Br)c2(=O),-3.127
CCCCc1c(C)nc(NCC)nc1OS(=O)(=O)N(C)C ,-4.16
O=C1NC(=O)NC(=O)C1(CC)C(C)CC,-2.39
c1(C(C)(C)C)cc(C(C)(C)C)cc(OC(=O)NC)c1,-4.24
CCCCOCN(C(=O)CCl)c1c(CC)cccc1CC ,-4.19
CCC(C)C1(CC(Br)=C)C(=O)NC(=O)NC1=O ,-2.647
CCCCOC(=O)c1ccc(N)cc1,-3.082
CCC(C)O,0.47
CCCC,-2.57
CCCCS,-2.18
CCCCC1(CC)C(=O)NC(=O)NC1=O,-1.661
CN1CC(O)N(C1=O)c2nnc(s2)C(C)(C)C,-1.877
CC(C#C)N(C)C(=O)Nc1ccc(Cl)cc1,-3.9
CCCCOC=O,-1.37
CCSC(=O)N(CC(C)C)CC(C)C,-3.68
CCCCc1ccccc1,-4.06
CCCC=O,-0.01
Cn1cnc2n(C)c(=O)n(C)c(=O)c12,-0.876
CC1(C)C2CCC1(C)C(=O)C2,-1.96
CCCCCC=O,-1.3
ClC(Cl)C(Cl)(Cl)SN2C(=O)C1CC=CCC1C2=O ,-5.4
O=C(Nc1ccccc1)Nc2ccccc2,-3.15
CNC(=O)Oc1cccc2ccccc12,-3.224
c1ccc2c(c1)[nH]c3ccccc32,-5.27
c1c(NC(=O)OC(C)C(=O)NCC)cccc1,-1.83
CNC(=O)Oc1cccc2CC(C)(C)Oc12,-2.8
CCOP(=S)(OCC)SCSc1ccc(Cl)cc1,-5.736
CC1=C(SCCO1)C(=O)Nc2ccccc2,-3.14
CCC(Br)(CC)C(=O)NC(N)=O,-2.68
c1(O)c(C)ccc(C(C)C)c1,-2.08
CC(=C)C1CC=C(C)C(=O)C1,-2.06
OCC(O)C2OC1OC(OC1C2O)C(Cl)(Cl)Cl ,-1.84
OCC(NC(=O)C(Cl)Cl)C(O)c1ccc(cc1)N(=O)=O,-2.111
CCN(CC)c1nc(Cl)nc(n1)N(CC)CC,-4.411
CON(C)C(=O)Nc1ccc(Br)c(Cl)c1,-3.924
CC(OC(=O)Nc1cccc(Cl)c1)C#C,-2.617
ClC1CC2C(C1Cl)C3(Cl)C(=C(Cl)C2(Cl)C3(Cl)Cl)Cl,-6.86
ClC2=C(Cl)C3(Cl)C1C=CCC1C2(Cl)C3(Cl)Cl ,-5.64
CN(C)C=Nc1ccc(Cl)cc1C,-2.86
CCOC(=O)c1ccccc1S(=O)(=O)NN(C=O)c2nc(Cl)cc(OC)n2,-4.576
NC(=O)CCl ,-0.02
ClCC#N,-0.092
Clc1ccccc1,-2.38
ClC(Br)Br,-1.9
ClCC,-1.06
ClC=C,-1.75
CC(C)OC(=O)Nc1cccc(Cl)c1,-3.38
ClC(Cl)(Cl)N(=O)=O,-2
c1ccc(Cl)cc1C(c2ccc(Cl)cc2)(O)C(=O)OC(C)C,-4.53
c1(C#N)c(Cl)c(C#N)c(Cl)c(Cl)c(Cl)1,-5.64
NS(=O)(=O)c2cc1c(N=CNS1(=O)=O)cc2Cl ,-3.05
CN(C)C(=O)Nc1ccc(C)c(Cl)c1,-3.46
CN(C)C(=O)Nc2ccc(Oc1ccc(Cl)cc1)cc2,-4.89
CCOP(=S)(OCC)Oc1nc(Cl)c(Cl)cc1Cl ,-5.67
c2(Cl)c(Cl)c(Cl)c1nccnc1c2(Cl) ,-5.43
NS(=O)(=O)c1cc(ccc1Cl)C2(O)NC(=O)c3ccccc23,-3.451
Clc2ccc1oc(=O)[nH]c1c2,-2.831
C1Cc2c3c1cccc3cc4c2ccc5ccccc54,-7.85
c1ccc2c(c1)ccc3c4ccccc4ccc23,-8.057
Cl\C=C/Cl,-1.3
C/C1CCCCC1\C,-4.3
CC/C=C\C,-2.54
CC(C)=CCCC(C)=CC(=O),-2.06
CC1(C)CON(Cc2ccccc2Cl)C1=O,-2.338
Clc1ccccc1C2=NCC(=O)Nc3ccc(cc23)N(=O)=O,-3.499
c1cc2ccc3ccc4ccc5ccc6ccc1c7c2c3c4c5c67,-9.332
CC12CC(O)C3C(CCC4=CC(=O)CCC34C)C2CCC1C(=O)CO,-3.24
CC12CC(=O)C3C(CCC4=CC(=O)CCC34C)C2CCC1(O)C(=O)CO,-3.11
CC(=O)OCC(=O)C3(O)CCC4C2CCC1=CC(=O)CCC1(C)C2C(=O)CC34C ,-4.21
CC(=O)CC(c1ccc(Cl)cc1)c2c(O)c3ccccc3oc2=O,-5.839
CCOP(=S)(OCC)Oc2ccc1oc(=O)c(Cl)c(C)c1c2,-5.382
O=c2c(C3CCCc4ccccc43)c(O)c1ccccc1o2 ,-2.84
CCNc1nc(Cl)nc(NC(C)(C)C#N)n1,-3.15
CCSC(=O)N(CC)C1CCCCC1 ,-3.4
CCC1(C(=O)NC(=O)NC1=O)C2=CCCCC2 ,-2.17
O=C2NC(=O)C1(CCC1)C(=O)N2,-1.655
C1CCCCCC1,-3.51
OC1CCCCCC1,-0.88
C1CCC=CCC1,-3.18
O=C2NC(=O)C1(CCCCCC1)C(=O)N2 ,-3.168
C1CCCCC1,-3.1
OC1CCCCC1,-0.44
O=C1CCCCC1,-0.6
C1CCC=CC1,-2.59
CC1CC(C)C(=O)C(C1)C(O)CC2CC(=O)NC(=O)C2 ,-1.13
O=C2NC(=O)C1(CCCCC1)C(=O)N2,-3.06
C1CCCCCCC1,-4.15
OC1CCCCCCC1,-1.29
O=C2NC(=O)C1(CCCCCCC1)C(=O)N2,-2.982
C1CCCC1,-2.64
C1CC=CC1,-2.1
O=C2NC(=O)C1(CCCC1)C(=O)N2,-2.349
O=C2NC(=O)C1(CC1)C(=O)N2 ,-1.886
CN(C)C(=O)NC1CCCCCCC1,-2.218
CC1(C)C(C=C(Cl)Cl)C1C(=O)OC(C#N)c2ccc(F)c(Oc3ccccc3)c2,-7.337
CC1(C)C(C=C(Cl)C(F)(F)F)C1C(=O)OC(C#N)c2cccc(Oc3ccccc3)c2,-8.176
CC1(C)C(C=C(Cl)Cl)C1C(=O)OC(C#N)c2cccc(Oc3ccccc3)c2,-8.017
Nc1cc[nH]c(=O)n1 ,-1.155
CC23Cc1cnoc1C=C2CCC4C3CCC5(C)C4CCC5(O)C#C,-5.507
Nc1ccc(cc1)S(=O)(=O)c2ccc(N)cc2,-3.094
ClC(Cl)C(c1ccc(Cl)cc1)c2ccc(Cl)cc2,-7.2
ClC(Cl)=C(c1ccc(Cl)cc1)c2ccc(Cl)cc2,-6.9
Clc1ccc(cc1)C(c2ccc(Cl)cc2)C(Cl)(Cl)Cl,-7.15
C1CCC2CCCCC2C1,-5.19
CCCCSP(=O)(SCCCC)SCCCC,-5.14
CC1(C)C(C=C(Br)Br)C1C(=O)OC(C#N)c2cccc(Oc3ccccc3)c2,-8.402
CC12CCC3C(CCC4=CC(=O)CCC34C)C2CCC1C(=O)CO,-3.45
CC(=O)OCC(=O)C3CCC4C2CCC1=CC(=O)CCC1(C)C2CCC34C ,-4.63
CCOC(=O)Nc2cccc(OC(=O)Nc1ccccc1)c2 ,-4.632
CC1CC2C3CCC4=CC(=O)C=CC4(C)C3(F)C(O)CC2(C)C1(O)C(=O)CO,-3.59
CC4CC3C2CCC1=CC(=O)C=CC1(C)C2(F)C(O)CC3(C)C4(O)C(=O)COC(C)=O ,-4.9
CC2(C)C1CCC(C)(C1)C2=O,-1.85
CCCCC(CC)COC(=O)c1ccccc1C(=O)OCC(CC)CCCC,-6.96
CCOP(=S)(OCC)SC(CCl)N1C(=O)c2ccccc2C1=O,-6.34
CCOP(=S)(OCC)SC(CCl)N2C(=O)c1ccccc1C2=O,-6.34
CC(C)N(C(C)C)C(=O)SCC(=CCl)Cl,-4.286
CN2C(=O)CN=C(c1ccccc1)c3cc(Cl)ccc23,-3.754
CCOP(=S)(OCC)Oc1cc(C)nc(n1)C(C)C,-3.64
o1c2ccccc2c3ccccc13,-4.6
c1ccc2c(c1)sc3ccccc23,-4.38
BrCBr,-1.17
CCCCOCCCC,-1.85
CCCCOC(=O)CCCCCCCCC(=O)OCCCC,-3.896
CCCCOC(=O)c1ccccc1C(=O)OCCCC ,-4.4
COP(=S)(OC)Oc1ccc(cc1Cl)N(=O)=O,-4.31
ClCCl,-0.63
Oc1ccc(Cl)cc1Cc2cc(Cl)ccc2O,-3.953
OC(c1ccc(Cl)cc1)(c2ccc(Cl)cc2)C(Cl)(Cl)Cl,-5.666
ClC4=C(Cl)C5(Cl)C3C1CC(C2OC12)C3C4(Cl)C5(Cl)Cl,-6.29
CC=C(C(=CC)c1ccc(O)cc1)c2ccc(O)cc2,-4.95
ClC1=C(Cl)C(Cl)(C(=C1Cl)Cl)C2(Cl)C(=C(Cl)C(=C2Cl)Cl)Cl,-7.278
CCOCC,-0.09
CCOC(=O)c1ccccc1C(=O)OCC,-2.35
CCSCC,-1.34
CCSSCC,-2.42
CCC(=C(CC)c1ccc(O)cc1)c2ccc(O)cc2 ,-4.07
COc2ccc(Oc1ccc(NC(=O)N(C)C)cc1)cc2,-4.16
Fc1cccc(F)c1C(=O)NC(=O)Nc2ccc(Cl)cc2,-6.02
CC1OC(CC(O)C1O)OC2C(O)CC(OC2C)OC8C(O)CC(OC7CCC3(C)C(CCC4C3CCC5(C)C(CCC45O)C6=CC(=O)OC6)C7)OC8C ,-5.293
CC1OC(CC(O)C1O)OC2C(O)CC(OC2C)OC8C(O)CC(OC7CCC3(C)C(CCC4C3CC(O)C5(C)C(CCC45O)C6=CC(=O)OC6)C7)OC8C ,-4.081
CCCCCCOC(=O)c1ccccc1C(=O)OCCCCCC,-6.144
ICI,-2.34
c1(C(=O)OCCCCCC(C)(C))c(C(=O)OCCCCCC(C)(C))cccc1,-6.637
CC(C)OC(C)C,-1.1
CC(C)SC(C)C,-2.24
CCN(CC)C(=O)C(=CCOP(=O)(OC)OC)Cl,0.523
CN(C)C(=O)Nc1ccc(c(Cl)c1)n2nc(oc2=O)C(C)(C)C,-4.328
CN(C)C(=O)OC1=CC(=O)CC(C)(C)C1 ,-0.85
CCCCc1c(C)nc(nc1O)N(C)C ,-2.24
COCOC,0.48
COC(=O)c1ccccc1C(=O)OC,-1.66
CSC,-0.45
CSSC,-1.44
CCN(CC)c1c(cc(c(N)c1N(=O)=O)C(F)(F)F)N(=O)=O,-5.47
CCC(C)c1cc(cc(N(=O)=O)c1O)N(=O)=O ,-3.38
OC1C(O)C(O)C(O)C(O)C1O,0.35
CCCSCCC,-2.58
CCCCCCCCOC(=O)c1ccccc1C(=O)OCCCCCCCC ,-5.115
C1C(O)CCC2(C)CC3CCC4(C)C5(C)CC6OCC(C)CC6OC5CC4C3C=C21,-7.32
CNC(=O)Oc1ccccc1C2OCCO2,-1.57
CN(C)C(=O)C(c1ccccc1)c2ccccc2 ,-2.98
O(c1ccccc1)c2ccccc2,-3.96
N(c1ccccc1)c2ccccc2,-3.504
C(c1ccccc1)c2ccccc2,-4.08
CCCOCCC,-1.62
CCN(CC)C(=S)SSC(=S)N(CC)CC,-4.86
CCOP(=S)(OCC)SCCSCC,-4.23
CCOP(=S)(OCC)N2C(=O)c1ccccc1C2=O,-3.35
CN(C)C(=O)Nc1ccc(Cl)c(Cl)c1,-3.8
CC1=CCC(CC1)C(C)=C,-4.26
Cc1cc(cc(N(=O)=O)c1O)N(=O)=O,-1.456
CCOc1ccc(NC(N)=O)cc1,-2.17
Cn2c(=O)n(C)c1ncn(CC(O)CO)c1c2=O,-0.17
CCCCCCCCCCCCCCCCCCCC,-8.172
CC34CCC1C(CCC2CC(O)CCC12C)C3CCC4=O,-4.16
CC45CCC2C(CCC3CC1SC1CC23C)C4CCC5O,-5.41
CC34CCc1c(ccc2cc(O)ccc12)C3CCC4=O,-5.24
CC34CCC1C(=CCc2cc(O)ccc12)C3CCC4=O,-5.282
Oc2cc(O)c1C(=O)CC(Oc1c2)c3ccc(O)c(O)c3,-3.62
OCC(O)C(O)CO,0.7
CC12CCC3C(CCc4cc(O)ccc34)C2CCC1O,-5.03
c1(OC)ccc(CC=C)cc1,-2.92
CC34CCC1C(CCc2cc(O)ccc12)C3CC(O)C4O ,-4.955
CC12CCC3C(CCc4cc(O)ccc34)C2CCC1=O,-3.955
CCN(CC(C)=C)c1c(cc(cc1N(=O)=O)C(F)(F)F)N(=O)=O,-6.124
CC,-1.36
CCS,-0.6
CCO,1.1
CC34CCC1C(CCc2cc(O)ccc12)C3CCC4(O)C#C ,-4.3
CCSCc1ccccc1OC(=O)NC ,-2.09
CCOP(=S)(OCC)SCSP(=S)(OCC)OCC,-5.54
CCCCc1c(C)nc(NCC)[nH]c1=O,-3.028
CC12CCC(=O)C=C1CCC3C2CCC4(C)C3CCC4(O)C#C ,-5.66
CCOC2Oc1ccc(OS(C)(=O)=O)cc1C2(C)C,-3.42
CCOc2ccc1nc(sc1c2)S(N)(=O)=O ,-3.81
CCOC(=O)C,-0.04
CCOC(=O)c1ccccc1,-2.32
CCCCCOC(=O)CC,-1.28
CCOC(=O)C=Cc1ccccc1,-3
CCCCCCCCCC(=O)OCC,-4.1
CCOC=O,0.15
CCCCCCC(=O)OCC,-2.74
CCCCCC(=O)OCC,-2.35
CCCCCCCCC(=O)OCC,-3.8
CCCCCCCC(=O)OCC,-3.39
CCCOC(=O)CCC,-1.75
CCOC(=O)CC,-0.66
CCCOCC,-0.66
CCOC=C,-0.85
CCc1ccccc1,-2.77
CCC1CCCCC1,-4.25
C=C,-0.4
CCOC(=O)c1ccc(O)cc1,-2.35
CCOc1ccc(cc1)C(C)(C)COCc3cccc(Oc2ccccc2)c3,-8.6
CCOC(=O)c1cncn1C(C)c2ccccc2,-4.735
COc1cc(cc(OC)c1O)C6C2C(COC2=O)C(OC4OC3COC(C)OC3C(O)C4O)c7cc5OCOc5cc67,-3.571
CC12CCC(CC1)C(C)(C)O2 ,-1.64
COc1cc(CC=C)ccc1O,-1.56
OC(c1ccc(Cl)cc1)(c2cncnc2)c3ccccc3Cl,-4.38
Cc1occc1C(=O)Nc2ccccc2,-3.3
COP(=S)(OC)Oc1ccc(N(=O)=O)c(C)c1,-4.04
CN(C)C(=O)SCCCCOc1ccccc1,-3.927
CCOC(=O)NCCOc2ccc(Oc1ccccc1)cc2,-4.7
CC1(C)C(C(=O)OC(C#N)c2cccc(Oc3ccccc3)c2)C1(C)C,-6.025
CCOP(=S)(OCC)Oc1ccc(cc1)S(C)=O ,-2.3
COP(=S)(OC)Oc1ccc(SC)c(C)c1,-4.57
CN(C)C(=O)Nc1ccccc1,-1.6
OC(Cn1cncn1)(Cn2cncn2)c3ccc(F)cc3F ,-1.8
CC(C)C(C(=O)OC(C#N)c1cccc(Oc2ccccc2)c1)c3ccc(OC(F)F)cc3,-6.876
Nc1nc(=O)[nH]cc1F,-0.972
CC34CC(O)C1(F)C(CCC2=CC(=O)CCC12C)C3CCC4(O)C(=O)CO ,-3.43
CC1CC2C3CC(F)C4=CC(=O)C=CC4(C)C3(F)C(O)CC2(C)C1(O)C(=O)CO,-5.613
CCN(Cc1c(F)cccc1Cl)c2c(cc(cc2N(=O)=O)C(F)(F)F)N(=O)=O,-6.78
CN(C)C(=O)Nc1cccc(c1)C(F)(F)F,-3.43
c1ccc2c(c1)c3cccc4cccc2c34,-6
C1c2ccccc2c3ccccc13,-5
Fc1ccccc1,-1.8
CC1CC2C3CCC(O)(C(=O)C)C3(C)CC(O)C2(F)C4(C)C=CC(=O)C=C14,-4.099
Cn2cc(c1ccccc1)c(=O)c(c2)c3cccc(c3)C(F)(F)F,-4.445
FC(F)(F)c1cccc(c1)N2CC(CCl)C(Cl)C2=O,-4.047
OC(Cn1cncn1)(c2ccc(F)cc2)c3ccccc3F,-3.37
CC(C)C(Nc1ccc(cc1Cl)C(F)(F)F)C(=O)OC(C#N)c2cccc(Oc3ccccc3)c2,-8.003
CNC(=O)Oc1cccc(N=CN(C)C)c1,-2.34
COP(=S)(OC)SCC(=O)N(C)C=O,-1.995
OCC1OC(O)(CO)C(O)C1O,0.64
c1ccoc1,-0.82
O=Cc1ccco1,-0.1
c1c(O)C2C(=O)C3cc(O)ccC3OC2cc1(OC),-2.943
OCC(O)COC(=O)c1ccccc1Nc2ccnc3cc(Cl)ccc23,-4.571
OCC1OC(O)C(O)C(O)C1O,0.74
CCC1(CCC(=O)NC1=O)c2ccccc2 ,-2.337
OCC(O)CO,1.12
CC(=O)OCC(COC(=O)C)OC(=O)C,-0.6
COC1=CC(=O)CC(C)C13Oc2c(Cl)c(OC)cc(OC)c2C3=O,-3.246
COc1ccccc1O ,-1.96
Nc2nc1[nH]cnc1c(=O)[nH]2 ,-3.583
FC(F)(F)C(Cl)Br ,-1.71
c1cc(O)c(O)c2OCC3(O)CC4=CC(=O)C(O)=CC4=C3c21,-2.7
ClC1C=CC2C1C3(Cl)C(=C(Cl)C2(Cl)C3(Cl)Cl)Cl,-6.317
CCCCCCC,-4.53
ClC(=C(Cl)C(=C(Cl)Cl)Cl)Cl,-4.92
ClC(Cl)(Cl)C(Cl)(Cl)Cl,-3.67
CCCCCCCCCCCCCCCCCCCCCCCCCC,-8.334
CCCCCCCCCCCCCCCC,-8.4
Cc1c(C)c(C)c(C)c(C)c1C,-5.23
CCCCCC,-3.84
CCC(C(CC)c1ccc(O)cc1)c2ccc(O)cc2,-4.43
CCCCCCc1ccccc1,-5.21
O=C1CNC(=O)N1 ,-0.4
N(Nc1ccccc1)c2ccccc2 ,-2.92
c1ccccc1C(O)C(O)c2ccccc2,-1.93
NS(=O)(=O)c2cc1c(NCNS1(=O)=O)cc2Cl ,-2.63
CC12CC(O)C3C(CCC4=CC(=O)CCC34C)C2CCC1(O)C(=O)CO,-3.09
CC(=O)OCC(=O)C1(O)CCC2C3CCC4=CC(=O)CCC4(C)C3C(O)CC21C,-4.88
OC1C=CC2C1C3(Cl)C(=C(Cl)C2(Cl)C3(Cl)Cl)Cl ,-5.46
CC(=O)C1(O)CCC2C3CCC4=CC(=O)CCC4(C)C3CCC21C,-3.817
O=c1[nH]cnc2nc[nH]c12 ,-2.296
C1Cc2ccccc2C1,-3.04
CC2Cc1ccccc1N2NC(=O)c3ccc(Cl)c(c3)S(N)(=O)=O ,-3.586
c2ccc1[nH]ncc1c2 ,-2.16
c2ccc1[nH]ccc1c2,-1.52
c2ccc1NCCc1c2 ,-1.04
OCC1OC(C(O)C1O)n2cnc3c(O)ncnc23,-1.23
Ic1ccccc1,-3.01
CCI,-1.6
COP(=S)(OC)Oc1cc(Cl)c(I)cc1Cl,-6.62
CI,-1
Oc1c(I)cc(C#N)cc1I,-3.61
CCN(CC)c1nc(Cl)nc(NC(C)C)n1,-3.785
CCOP(=S)(OCC)Oc1nc(Cl)n(n1)C(C)C,-3.658
CC(C)COC(=O)C,-1.21
CC(C)COC=O,-1.01
CC(C)Cc1ccccc1,-4.12
C1N(C(=O)NCC(C)C)C(=O)NC1,-2.15
Cc1cc(no1)C(=O)NNCc2ccccc2,-2.461
CCOP(=S)(NC(C)C)Oc1ccccc1C(=O)OC(C)C,-4.194
Nc1nc(O)nc2nc[nH]c12 ,-3.401
c1nccc(C(=O)NN)c1,0.009
CC(C)CCOC(=O)C,-1.92
CC(C)CCOC=O,-1.52
CC1=CC(=O)CC(C)(C)C1 ,-1.06
CNC(=O)Oc1ccccc1C(C)C,-2.863
CCCN(CCC)c1c(cc(cc1N(=O)=O)C(C)C)N(=O)=O,-6.49
CC(C)OC(=O)C,-0.55
CC(C)OC=O,-0.63
CC(C)c1ccccc1,-3.27
CC(C)c1ccc(NC(=O)N(C)C)cc1,-3.536
c1ccc2cnccc2c1,-1.45
CN(C)C(=O)Nc1cccc(OC(=O)NC(C)(C)C)c1 ,-2.93
CC(=O)CCC1C(=O)N(N(C1=O)c2ccccc2)c3ccccc3,-3.27
ClC1(C(=O)C2(Cl)C3(Cl)C14Cl)C5(Cl)C2(Cl)C3(Cl)C(Cl)(Cl)C45Cl,-5.259
COc2c1occc1c(OC)c3c(=O)cc(C)oc23 ,-3.021
C1OC(O)C(O)C(O)C1O,0.39
O=c2[nH]c1CCCc1c(=O)n2C3CCCCC3,-4.594
CC(C)=CCCC(O)(C)C=C,-1.99
ClC1C(Cl)C(Cl)C(Cl)C(Cl)C1Cl,-4.64
CON(C)C(=O)Nc1ccc(Cl)c(Cl)c1,-3.592
OC3N=C(c1ccccc1Cl)c2cc(Cl)ccc2NC3=O,-3.604
CCC(C)C(=O)OC2CC(C)C=C3C=CC(C)C(CCC1CC(O)CC(=O)O1)C23 ,-6.005
CCOC(=O)CC(SP(=S)(OC)OC)C(=O)OCC,-3.37
CCOC(=O)CC(=O)OCC,-0.82
OCC1OC(OC2C(O)C(O)C(O)OC2CO)C(O)C(O)C1O,0.358
OCC(O)C(O)C(O)C(O)CO ,0.06
Nc1cccc(Cl)c1,-1.37
Clc1cccc(Br)c1,-3.21
Clc1cccc(I)c1,-3.55
Clc1cccc(c1)N(=O)=O,-2.77
COC(=O)Nc2nc1ccc(cc1[nH]2)C(=O)c3ccccc3,-3.88
CCOC(=O)N(C)C(=O)CSP(=S)(OCC)OCC,-2.518
c1c(OC)c(OC)C2C(=O)OCC2c1,-1.899
CC(=O)C3(C)CCC4C2C=C(C)C1=CC(=O)CCC1(C)C2CCC34C,-5.27
CN(C(=O)COc1nc2ccccc2s1)c3ccccc3,-4.873
CC(=O)Nc1cc(NS(=O)(=O)C(F)(F)F)c(C)cc1C,-3.24
CC(=O)OC3(CCC4C2C=C(C)C1=CC(=O)CCC1(C)C2CCC34C)C(C)=O ,-5.35
CC2=CC(=O)c1ccccc1C2=O ,-3.03
CC(C)C1CCC(C)CC1O ,-2.53
CC(C)C1CCC(C)CC1=O,-2.35
CCCC(C)(COC(N)=O)COC(N)=O ,-1.807
Sc2nc1ccccc1s2 ,-3.18
COCC(=O)N(C(C)C(=O)OC)c1c(C)cccc1C ,-1.601
C,-0.9
CO,1.57
Cc1ccccc1n3c(C)nc2ccccc2c3=O,-2.925
CCC1(CC)C(=O)NC(=O)N(C)C1=O ,-2.23
Cn2c(=O)on(c1ccc(Cl)c(Cl)c1)c2=O,-2.82
COc1ccccc1OCC(O)COC(N)=O,-0.985
COC(C)(C)CCCC(C)CC=CC(C)=CC(=O)OC(C)C,-5.19
COCCCNc1nc(NC(C)C)nc(SC)n1,-2.928
COc2c1occc1cc3ccc(=O)oc23 ,-3.664
COc1ccc(cc1)C(c2ccc(OC)cc2)C(Cl)(Cl)Cl,-6.89
COC(=O)C,0.46
COC(=O)C=C,-0.22
COC(=O)c1ccccc1,-1.85
CCCCOC,-0.99
CCCOC(=O)CC,-0.82
CCCCCCCCCC(=O)OC,-4.69
COC=O,0.58
COC(=O)c1cc(O)c(O)c(O)c1 ,-1.24
CCCCCC(=O)OC,-1.87
CNN,1.34
CCCCCCCCCCCC(=O)OC,-4.69
COC(=O)c1cccnc1 ,-0.46
CCCCCCCCC(=O)OC,-3.38
CCCCCCCC(=O)OC,-3.17
CCCC(=O)OCC,-1.36
CCC(=O)OC,-0.14
CCCOC,-0.39
COC(C)(C)C,-0.24
CC1CCCCC1,-3.85
CC1CCCC1,-3.3
CN(C(=O)NC(C)(C)c1ccccc1)c2ccccc2,-3.35
COC(=O)c1ccc(O)cc1,-1.827
CC(=O)OC3(C)CCC4C2CCC1=CC(=O)CCC1(C)C2CCC34C ,-5.284
Cc1cc(=O)[nH]c(=S)[nH]1,-2.436
CCc1cccc(C)c1N(C(C)COC)C(=O)CCl ,-2.73
CC2Nc1cc(Cl)c(cc1C(=O)N2c3ccccc3C)S(N)(=O)=O ,-3.78
c1ccccc1(OC(=O)NC),-1.803
COc1ccc(NC(=O)N(C)C)cc1Cl,-2.564
Cc1ncc(N(=O)=O)n1CCO ,-1.26
CSc1nnc(c(=O)n1N)C(C)(C)C,-2.253
Cc1ncc(N(=O)=O)n1CCO,-1.22
Fc1cccc(Br)c1,-2.67
Nc1cc(nc(N)n1=O)N2CCCCC2 ,-1.989
ClC1(C2(Cl)C3(Cl)C4(Cl)C5(Cl)C1(Cl)C3(Cl)Cl)C5(Cl)C(Cl)(Cl)C24Cl,-6.8
Cc1cccc(N)c1,-0.85
Nc1cccc(c1)N(=O)=O,-2.19
Oc1cccc(c1)N(=O)=O,-1.01
Cc1cccc(c1)N(=O)=O,-2.44
CON(C)C(=O)Nc1ccc(Cl)cc1,-2.57
COC(=O)c1ccccc1OC2OC(COC3OCC(O)C(O)C3O)C(O)C(O)C2O,-0.742
CN(C)C(=O)Nc1ccc(Cl)cc1,-2.89
Oc1ccc(c(O)c1)c3oc2cc(O)cc(O)c2c(=O)c3O ,-3.083
Cc1cccc(C)c1,-2.82
CCN(CC)c1ccccc1,-3.03
CN(C)C(=O)C,1.11
CN(C)c1ccccc1,-1.92
COP(=O)(OC)OC(Br)C(Cl)(Cl)Br,-2.28
CCN(CC)C(=O)C(C)Oc1cccc2ccccc12 ,-3.57
c1ccc2cc3cc4ccccc4cc3cc2c1,-8.6
c1ccc2ccccc2c1,-3.6
CCCCN(C)C(=O)Nc1ccc(Cl)c(Cl)c1,-4.77
CC(C)=CCC/C(C)=C\CO,-2.46
CCNc1ccccc1,-1.7
Cc3ccnc4N(C1CC1)c2ncccc2C(=O)Nc34 ,-3.19
Oc1ccc(Cl)cc1C(=O)Nc2ccc(cc2Cl)N(=O)=O,-4.7
NC(=O)c1cccnc1 ,0.61
COC(=O)C1=C(C)NC(=C(C1c2ccccc2N(=O)=O)C(=O)OC)C ,-4.76
ON=Cc1ccc(o1)N(=O)=O ,-2.19
CN2C(=O)CN=C(c1ccccc1)c3cc(ccc23)N(=O)=O,-3.796
O=C1NCCN1c2ncc(s2)N(=O)=O,-3.22
Clc1cccc(n1)C(Cl)(Cl)Cl,-3.76
O=C3CN=C(c1ccccc1)c2cc(ccc2N3)N(=O)=O,-3.796
O=N(=O)c1ccccc1,-1.8
CCN(=O)=O,-0.22
Clc2ccc(Oc1ccc(cc1)N(=O)=O)c(Cl)c2,-5.46
O=C2CN(N=Cc1ccc(o1)N(=O)=O)C(=O)N2 ,-3.38
O=N(=O)OCC(CON(=O)=O)ON(=O)=O ,-2.22
CN(=O)=O,0.26
CNc1ccccc1,-1.28
CCCCCCCCC,-5.88
OC(C1=CC2C5C(C1C2=C(c3ccccc3)c4ccccn4)C(=O)NC5=O)(c6ccccc6)c7ccccn7 ,-3.931
CN(C)C(=O)NC1CC2CC1C3CCCC23,-3.171
CC(=O)OC3(CCC4C2CCC1=CC(=O)CCC1C2CCC34C)C#C,-4.8
CC34CCC1C(CCC2=CC(=O)CCC12O)C3CCC4(O)C#C,-4.57
CNc2cnn(c1cccc(c1)C(F)(F)F)c(=O)c2Cl,-4.046
ClC(Cl)C(c1ccc(Cl)cc1)c2ccccc2Cl ,-6.51
Nc1ccccc1O,-0.72
Nc1ccccc1Cl,-1.52
Clc1ccccc1Br,-3.19
Clc1ccccc1I,-3.54
Clc1ccccc1N(=O)=O,-2.55
CCCCCCCC,-5.24
CCOC(=O)N,0.85
Fc1ccccc1Br,-2.7
NC(=O)c1ccccc1O,-1.82
COc1ccccc1O,-1.96
Nc1ccccc1N(=O)=O,-1.96
COc1ccccc1N(=O)=O,-1.96
Oc1ccccc1N(=O)=O,-1.74
Cc1ccccc1N(=O)=O,-2.33
CCCN(CCC)c1c(cc(cc1N(=O)=O)S(N)(=O)=O)N(=O)=O,-5.16
c1cc2ccc(OC)c(CC=C(C)(C))c2oc1=O ,-4.314
Cc1ccccc1N,-2.21
CC(C)Oc1cc(c(Cl)cc1Cl)n2nc(oc2=O)C(C)(C)C,-5.696
CNC(=O)ON=C(SC)C(=O)N(C)C,0.106
OC3N=C(c1ccccc1)c2cc(Cl)ccc2NC3=O ,-3.952
CC1=C(C(=O)Nc2ccccc2)S(=O)(=O)CCO1,-2.281
Cc1ccccc1C,-2.8
CCCCC1C(=O)N(N(C1=O)c2ccc(O)cc2)c3ccccc3 ,-3.73
Nc1ccc(cc1)c2ccc(N)cc2,-2.7
ClC(Cl)C(c1ccc(Cl)cc1)c2ccc(Cl)cc2 ,-7.2
Nc1ccc(O)cc1,-0.8
O=C1NC(=O)C(=O)N1 ,-0.4
CCOP(=S)(OCC)Oc1ccc(cc1)N(=O)=O,-4.66
CC(=O)Nc1ccc(Br)cc1,-3.083
Brc1ccc(I)cc1,-4.56
CC(=O)Nc1ccc(Cl)cc1,-2.843
Nc1ccc(Cl)cc1,-1.66
Clc1ccc(Br)cc1,-3.63
Clc1ccc(I)cc1,-4.03
Clc1ccc(cc1)N(=O)=O,-2.92
Cc1ccc(O)cc1,-0.73
CCCCN(CC)C(=O)SCCC,-3.53
Clc1ccc(CN(C2CCCC2)C(=O)Nc3ccccc3)cc1,-5.915
Clc1cc(Cl)c(Cl)c(Cl)c1Cl,-5.65
ClC(Cl)C(Cl)(Cl)Cl,-2.6
Oc1c(Cl)c(Cl)c(Cl)c(Cl)c1Cl,-4.28
Cc1cc(C)c(C)c(C)c1C,-4
CCCCC,-3.18
O=C1NC(=O)NC(=O)C1(CC)C(C)CCC,-2.39
CCCCCOC(=O)C,-1.89
CCCCC(=O)OCC,-2.25
CCCCCc1ccccc1,-4.64
CCCCCC1CCCC1,-6.08
Cc1cc(ccc1NS(=O)(=O)C(F)(F)F)S(=O)(=O)c2ccccc2,-3.8
CC1(C)C(C=C(Cl)Cl)C1C(=O)OCc2cccc(Oc3ccccc3)c2,-6.291
c1cc2cccc3c4cccc5cccc(c(c1)c23)c54,-8.804
CC(=O)Nc1ccc(F)cc1,-1.78
CCOc1ccc(NC(=O)C)cc1,-2.35
c1ccc2c(c1)ccc3ccccc32,-5.26
c1ccc2c(c1)cnc3ccccc23 ,-2.78
CCOc1ccccc1,-2.33
COC(=O)Nc1cccc(OC(=O)Nc2cccc(C)c2)c1,-4.805
CCC1(C(=O)NC(=O)NC1=O)c2ccccc2 ,-2.322
c1ccccc1O,0
Oc1ccc(cc1)C2(OC(=O)c3ccccc23)c4ccc(O)cc4 ,-2.9
CC(C)=CC3C(C(=O)OCc2cccc(Oc1ccccc1)c2)C3(C)C ,-5.24
CCCCC1C(=O)N(N(C1=O)c2ccccc2)c3ccccc3 ,-3.81
NNc1ccccc1,0.07
NC(=S)Nc1ccccc1,-1.77
O=C1NC(=O)C(N1)(c2ccccc2)c3ccccc3,-4.097
CCOP(=S)(OCC)SCSCC,-4.11
CCOP(=S)(OCC)SCn1c(=O)oc2cc(Cl)ccc12,-5.233
CCOP(=S)(OCC)ON=C(C#N)c1ccccc1,-4.862
c1cC2C(=O)NC(=O)C2cc1,-2.932
O=C1NC(=O)c2ccccc12 ,-2.61
N#Cc1ccccc1C#N,-2.38
CC(=O)Nc1ccc(O)cc1,-1.03
Oc1ccc(C=O)cc1,-0.96
c1ccc2c(c1)ccc3c2ccc4c5ccccc5ccc43,-7.87
O=C(C=CC=Cc2ccc1OCOc1c2)N3CCCCC3,-3.46
O=Cc2ccc1OCOc1c2 ,-1.63
CCCOP(=S)(OCCC)SCC(=O)N1CCCCC1C,-4.15
CN(C)C(=O)Oc1nc(nc(C)c1C)N(C)C,-1.95
CN2C(=C(O)c1ccccc1S2(=O)=O)C(=O)Nc3ccccn3 ,-4.16
COc1ccc(C=O)cc1,-1.49
Cc1ccc(N)cc1,-1.21
Nc1ccc(cc1)N(=O)=O,-2.37
COc1ccc(cc1)N(=O)=O,-2.41
Oc1ccc(cc1)N(=O)=O,-0.74
Cc1ccc(cc1)N(=O)=O,-2.49
Oc1ccc(cc1)c2ccccc2,-3.48
CC34CCC1C(CC=C2CC(O)CCC12C)C3CCC4=O,-4.12
CC12CC(O)C3C(CCC4=CC(=O)C=CC34C)C2CCC1(O)C(=O)CO,-3.18
CC(=O)OCC(=O)C3(O)CCC4C2CCC1=CC(=O)C=CC1(C)C2C(O)CC34C ,-4.37
CC(=O)C3CCC4C2CC=C1CC(O)CCC1(C)C2CCC34C ,-4.65
CCC1(C(=O)NCNC1=O)c2ccccc2,-2.64
CCC1(C(C)C)C(=O)NC(=O)NC1=O ,-2.21
CC12CC2(C)C(=O)N(C1=O)c3cc(Cl)cc(Cl)c3,-4.8
CC(=O)C1CCC2C3CCC4=CC(=O)CCC4(C)C3CCC12C,-4.42
COc1nc(NC(C)C)nc(NC(C)C)n1,-2.478
CSc1nc(NC(C)C)nc(NC(C)C)n1,-4.1
CC(C)N(C(=O)CCl)c1ccccc1 ,-2.48
CCC,-1.94
CCC(=O)Nc1ccc(Cl)c(Cl)c1,-3
CC(C)Nc1nc(Cl)nc(NC(C)C)n1,-4.43
CCNP(=S)(OC)OC(=CC(=O)OC(C)C)C,-3.408
CCCC1COC(Cn2cncn2)(O1)c3ccc(Cl)cc3Cl,-3.493
CCC=O,0.58
CCC#N,0.28
CNC(=O)Oc1ccccc1OC(C)C,-2.05
CCCOC(=O)C,-0.72
CCCC(=O)OC,-1.92
CCCOC=O,-0.49
CCCCC(=O)OC,-1.34
CCCc1ccccc1,-3.37
CCCC1CCCC1,-4.74
CC=C,-1.08
CCCOC(C)C,-1.34
CC#C,-0.41
CC(C)(C)c1ccc(O)cc1,-2.41
c2cnc1ncncc1n2,0.02
c1ccc(cc1)c2ccc(cc2)c3ccccc3,-7.11
Cc1ccc(cc1)S(=O)(=O)N,-1.74
Cc1ccc(C)cc1,-2.77
CC1=C(CCCO1)C(=O)Nc2ccccc2 ,-2.56
NC(=O)c1cnccn1,-0.667
Nc2cnn(c1ccccc1)c(=O)c2Cl,-2.878
c1cc2ccc3cccc4ccc(c1)c2c34,-6.176
c1ccnnc1,1.1
c1ccncc1,0.76
c1cncnc1,1.1
CN(C)C(=O)Oc1cc(C)nn1c2ccccc2,-2.09
CCC2NC(=O)c1cc(c(Cl)cc1N2)S(N)(=O)=O,-3.29
c1ccc2ncccc2c1,-1.3
ClC(Cl)CC(=O)NC2=C(Cl)C(=O)c1ccccc1C2=O,-5.03
Clc1c(Cl)c(Cl)c(N(=O)=O)c(Cl)c1Cl,-5.82
OCC1OC(CO)(OC2OC(COC3OC(CO)C(O)C(O)C3O)C(O)C(O)C2O)C(O)C1O,-0.41
CCC1(C(=O)NC(=O)NC1=O)C2=CCC3CCC2C3,-2.696
CCN2c1ncccc1N(C)C(=O)c3cccnc23 ,-2.62
C1SC(=S)NC1(=O),-1.77
Cc3cc2nc1c(=O)[nH]c(=O)nc1n(CC(O)C(O)C(O)CO)c2cc3C,-3.685
CCCOC(=O)c1ccc(N)cc1,-2.452
COP(=S)(OC)Oc1cc(Cl)c(Cl)cc1Cl,-5.72
COc5cc4OCC3Oc2c1CC(Oc1ccc2C(=O)C3c4cc5OC)C(C)=C ,-4.42
CC(C)NC(=O)N1CC(=O)N(C1=O)c2cc(Cl)cc(Cl)c2,-4.376
O2c1ccccc1N(C)C(=O)c3cccnc23 ,-3.672
O2c1ccc(N)cc1N(C)C(=O)c3cc(C)ccc23 ,-3.928
CCN2c1nc(Cl)ccc1N(C)C(=O)c3cccnc23 ,-4.114
CCN2c1nc(C)cc(C(F)(F)F)c1NC(=O)c3cccnc23 ,-4.207
CCN2c1nc(C)cc(C)c1NC(=O)c3cccnc23 ,-4.554
CCN2c1ncccc1N(C)C(=S)c3cccnc23 ,-4.634
CCN2c1ccccc1N(C)C(=S)c3cccnc23 ,-4.706
CCN2c1ccccc1N(C)C(=O)c3ccccc23 ,-4.749
CCN2c1ncccc1N(CC)C(=O)c3cccnc23 ,-2.86
CCN2c1cc(N(C)C)cc(C)c1NC(=O)c3cccnc23 ,-4.871
CCN2c1cc(OC)cc(C)c1NC(=O)c3cccnc23 ,-5.153
CCN2c1cc(Cl)ccc1NC(=O)c3cccnc23 ,-5.36
O2c1cc(C)ccc1N(C)C(=O)c3cc(N)cnc23 ,-3.043
CCN2c1ccccc1N(C)C(=O)c3cccnc23 ,-3.324
CCN2c1nc(N(C)(CCO))ccc1NC(=O)c3cccnc23 ,-3.36
C2c1ccccc1N(CCF)C(=O)c3ccccc23 ,-3.535
O2c1ccccc1N(CC)C(=O)c3ccccc23 ,-3.68
OCC2OC(Oc1ccccc1CO)C(O)C(O)C2O,-0.85
c1ccccc1NC(=O)c2c(O)cccc2,-3.59
CC3C2CCC1(C)C=CC(=O)C(=C1C2OC3=O)C,-3.09
O=C1NC(=O)NC(=O)C1(C(C)CCC)CC=C,-2.356
CC1CCCCC1NC(=O)Nc2ccccc2,-4.11
CCNc1nc(Cl)nc(NCC)n1 ,-4.55
CSc1nc(nc(n1)N(C)C)N(C)C,-2.676
OCC(O)C(O)C(O)C(O)CO,1.09
CSCS(=O)CC(CO)NC(=O)C=Cc1c(C)[nH]c(=O)[nH]c1=O,-1.981
CC(=O)SC4CC1=CC(=O)CCC1(C)C5CCC2(C)C(CCC23CCC(=O)O3)C45,-4.173
CCCCOc1ccc(C(=O)OCC)c(c1)N(CC)CC ,-3.84
CC34CCC1C(CCC2CC(=O)CCC12C)C3CCC4O ,-4.743
COP(=O)(OC)OC(=CCl)c1cc(Cl)c(Cl)cc1Cl,-4.522
C=Cc1ccccc1,-2.82
C1OC1c2ccccc2 ,-1.6
O=C1CCC(=O)N1,0.3
OCC2OC(OC1(CO)OC(CO)C(O)C1O)C(O)C(O)C2O ,0.79
NC(=N)NS(=O)(=O)c1ccc(N)cc1 ,-1.99
CCN(CC)C(=S)SCC(Cl)=C,-3.39
Nc1ccc(cc1)S(N)(=O)=O,-1.34
CCC(C)C1(CC=C)C(=O)NC(=O)NC1=O,-2.016
CC(C)(C)c1ccccc1,-3.66
C/C=C/C=O,0.32
Fc1cccc(F)c1C(=O)NC(=O)Nc2cc(Cl)c(F)c(Cl)c2F ,-7.28
Cc1[nH]c(=O)n(c(=O)c1Cl)C(C)(C)C,-2.484
CCOP(=S)(OCC)SCSC(C)(C)C,-4.755
CCNc1nc(NC(C)(C)C)nc(OC)n1,-3.239
CCNc1nc(NC(C)(C)C)nc(SC)n1,-4
CC12CCC3C(CCC4=CC(=O)CCC34C)C2CCC1O,-4.02
CC(=O)OC3CCC4C2CCC1=CC(=O)CCC1(C)C2CCC34C ,-5.184
CCC(=O)OC3CCC4C2CCC1=CC(=O)CCC1(C)C2CCC34C ,-5.37
BrC(Br)(Br)Br,-3.14
ClC(=C(Cl)Cl)Cl,-2.54
COc1c(O)c(Cl)c(Cl)c(Cl)c1Cl ,-4.02
ClC(Cl)(Cl)Cl,-2.31
CCCCCCCCCCCCCC,-7.96
Cc1c(F)c(F)c(COC(=O)C2C(C=C(Cl)C(F)(F)F)C2(C)C)c(F)c1F,-7.321
C1CCOC1,0.49
C1CCOCC1,-0.03
CN(C)C(=O)N(C)C ,0.94
O=C1N(C2CCC(=O)NC2=O)C(=O)c3ccccc13,-2.676
Cn1cnc2n(C)c(=O)[nH]c(=O)c12 ,-2.523
Cn1c(=O)n(C)c2nc[nH]c2c1=O,-1.39
CS(=O)(=O)c1ccc(cc1)C(O)C(CO)NC(=O)C(Cl)Cl ,-2.154
CCCC(C)C1(CC=C)C(=O)NC(=S)NC1=O ,-3.46
c1ccccc1SC,-2.39
CNC(=O)ON=C(CSC)C(C)(C)C ,-1.62
CCSCCSP(=S)(OC)OC,-3.091
CCCC(C)C1(CC)C(=O)NC(=S)NC1=O ,-3.36
c1ccsc1,-1.33
Sc1ccccc1,-2.12
Sc1nccc(=O)[nH]1 ,-2.273
NC(=S)N,0.32
CN(C)C(=S)SSC(=S)N(C)C ,-3.9
Cc1c[nH]c(=O)[nH]c1=O ,-1.506
CC(C)c1ccc(C)cc1O,-2.22
Cc1ccccc1,-2.21
CC(C)(C)Cc1ccccc1,-4.15
C/C1CCC(\C)CC1,-4.47
CCCC/C=C/C,-3.82
CC/C=C/C,-2.54
CC(C)(C)C(=O)C(Oc1ccc(Cl)cc1)n2cncn2,-3.61
CC(C)N(C(C)C)C(=O)SCC(Cl)=C(Cl)Cl,-4.88
CC34CC(O)C1(F)C(CCC2=CC(=O)C=CC12C)C3CC(O)C4(O)C(=O)CO,-3.68
CC5(C)OC4CC3C2CCC1=CC(=O)C=CC1(C)C2(F)C(O)CC3(C)C4(O5)C(=O)CO ,-4.31
CC(=O)OCC(=O)C3(O)C(CC4C2CCC1=CC(=O)C=CC1(C)C2(F)C(O)CC34C)OC(C)=O ,-4.13
Nc3nc(N)c2nc(c1ccccc1)c(N)nc2n3,-2.404
Cc3nnc4CN=C(c1ccccc1Cl)c2cc(Cl)ccc2n34,-4.09
BrC(Br)Br,-1.91
NS(=O)(=O)c2cc1c(NC(NS1(=O)=O)C(Cl)Cl)cc2Cl ,-2.68
COP(=O)(OC)C(O)C(Cl)(Cl)Cl,-0.22
ClC(Cl)(Cl)C#N,-2.168
ClC=C(Cl)Cl,-1.96
ClC(Cl)Cl,-1.17
CCOP(=S)(CC)Oc1cc(Cl)c(Cl)cc1Cl,-5.752
Oc1cc(Cl)ccc1Oc2ccc(Cl)cc2Cl,-4.46
Cc1ccc(OP(=O)(Oc2cccc(C)c2)Oc3ccccc3C)cc1,-6.01
Cc2cccc3sc1nncn1c23 ,-2.07
CCNc1nc(Cl)nc(n1)N(CC)CC,-4.06
CCOP(=O)(OCC)OCC,0.43
CCCN(CCC)c1c(cc(cc1N(=O)=O)C(F)(F)F)N(=O)=O,-5.68
ClC(Cl)(Cl)C(NC=O)N1C=CN(C=C1)C(NC=O)C(Cl)(Cl)Cl ,-4.19
COc2cc1c(N)nc(nc1c(OC)c2OC)N3CCN(CC3)C(=O)OCC(C)(C)O ,-3.638
c1ccc2c(c1)c3ccccc3c4ccccc24,-6.726
Nc1ncnc2n(ccc12)C3OC(CO)C(O)C3O ,-1.95
O=c1cc[nH]c(=O)[nH]1 ,-1.488
NC(=O)N,0.96
O=c2[nH]c(=O)c1[nH]c(=O)[nH]c1[nH]2 ,-3.93
CCCCC=O,-0.85
CNC(=O)C(C)SCCSP(=O)(OC)(OC),1.144
CC1(OC(=O)N(C1=O)c2cc(Cl)cc(Cl)c2)C=C,-4.925
CC(=O)CC(c1ccccc1)c3c(O)c2ccccc2oc3=O ,-3.893
Cc1cccc(C)c1NC(=O)c2cc(c(Cl)cc2O)S(N)(=O)=O,-3.79
CNC(=O)Oc1cc(C)cc(C)c1,-2.581
S(C)c1nc(NC(C)C)nc(NC(C)C)n1,-4.1
O=[N+]([O-])C1C(=O)NC(=O)NC1=O,-2.28
Clc1cc2C(=NC(O)C(=O)Nc2cc1)c1ccccc1,-3.95
C(CC)(CC)(C)C,-4.23
C(=C)CCCCCCCC,-5.51
S(=O)(=O)(NC(=O)NCCCC)c1ccccc1,-3.05
O=[N+]([O-])c1cc(C(=O)O)ccc1,-1.71997
O=c1oc2c(c(C)c1)ccc(N(CC)CC)c2,-4.001
Fc1ccc(C(=O)CCCN2CCC(O)(c3ccc(C)cc3)CC2)cc1,-4.347
Clc1c(S(=O)(=O)N)cc2C(=O)NC(CC)Nc2c1,-3.29
ClC(Cl)C(c1ccc(Cl)cc1)c1ccc(Cl)cc1,-7.199998
S=P(SCC(=O)N(C=O)C)(OC)OC,-2
S(=O)(=O)(N)c1sc2C(=O)CCSc2c1,-3.494
FC12C3(C)C(=CC(=O)C=C3)CCC1C1C(C)(C(O)(C(=O)COC(=O)C)C(C)C1)CC2O,-4.9
O=C(Nc1ccccc1)C1=C(OCCS1(=O)=O)C,-2.43
O=[N+]([O-])c1cc(N)c(OCC)cc1,-3.211
OCCCCC,-0.6
O=C(OC(C(=O)NCC)C)Nc1ccccc1,-1.83
O=c1n2c(ccc1)C1CNCC(C2)C1,0.36
Brc1cc2c(cc1)cccc2,-4.4
S(=O)(=O)(N)c1sc2S(=O)(=O)CC(O)Cc2c1,-1.539
Clc1c(S(=O)(=O)N)cc2C(=O)N(c3c(C)cccc3)C(C)Nc2c1,-3.78
S(CCN/C(=N/C)/NC#N)Cc1c(C)[nH]cn1,-1.40229
OC(CC)CC,-0.24
O=C(O)c1c(C(=O)O)ccc(C(=O)O)c1,-0.397
ClN(Cl)S(=O)(=O)c1ccc(C)cc1,-3.509
Cc1c2c(c(C)c3c1cccc3)ccc1c2cccc1,-7.020001
S=P(ON=C(C#N)c1ccccc1)(OCC)OCC,-4.86
Oc1c2c(cc3c1cccc3)cccc2,-4.73
O=c1nc2n(CC(O)C(O)C(O)CO)c3c(nc2c(=O)[nH]1)cc(C)c(C)c3,-3.68
S(SC(=S)N(CC)CC)C(=S)N(CC)CC,-4.71725
O=C(N(C)C)N(C)C,0.94
O=C(COC(=O)c1ccccc1)N1CCOCC1,-1.773
c1(C2OC2)ccccc1,-1.6
Clc1ccc(C(O)(C(=O)OC(C)C)c2ccc(Cl)cc2)cc1,-4.53
O=C(O)C(N)C(O)C,-0.09
Clc1c(Oc2ccc(OC(C(=O)OC)C)cc2)ccc(Cl)c1,-3.82
O=C(OC)C=C,-0.22
c12c3c4ccc1cccc2ccc3ccc4,-6.172998
O=c1c(CCCC)c(C)nc(NCC)[nH]1,-3.02497
FC1(F)C(F)(F)C(F)(F)C1(F)F,-3.92
o1c2c(nc1)cccc2,-1.16
OCCC,0.62
Clc1c([N+](=O)[O-])cccc1,-2.55
Oc1cc2c(cc1)C1C(C3C(C)(C(O)(C#C)CC3)CC1)CC2,-4.3
C(CCCCCCC)CCCCCC,-7.959992
S(=O)(=O)(N)c1sc2S(=O)(=O)CCC(=O)c2c1,-3.018
C(CCCC)CCCC,-5.88
Clc1ccc(NC(=O)N(C)C)cc1,-2.91256
O=[N+]([O-])c1ccc(OC)cc1,-2.41
Clc1c2C(=O)c3c(C(=O)c2ccc1)cccc3,-5.54
Fc1c([N+](=O)[O-])cc(C(=O)O)cc1,-1.579
S(=O)(=O)(N=C(N)N)c1ccc(N)cc1,-1.98497
ClCC1OC1,-0.15
Fc1c(N2C(CC)C(N)C2)cc2n(C3CC3)cc(C(=O)O)c(=O)c2c1,-3.912
O=C(OCC(C)C)N,-0.3
OC(CC)C,0.43
O=[N+]([O-])c1ccc(O)cc1,-0.74
O=[N+]([O-])c1c(NC(=O)C)cccc1,-1.91
O=[N+]([O-])c1cc2C(=O)OC(CC)(CC)c2cc1,-3.656
O(C)c1cc2[nH]c3c(C)nccc3c2cc1,-4.48
OCCCCCCCCCCCCCCCC,-7.260001
O=C(OCC)CCCCCCCC,-3.8
C(CC(C)C)(C)C,-4.26
S(=O)(=O)(N)c1sc(NC(=O)C)nn1,-2.43058
O(C(C)(C)C)C,-0.24
Clc1c(c2ccc(Cl)cc2)ccc(Cl)c1,-6.21
O=C1C(=NO)c2c(cccc2)C=C1,-2.937
C(CCCCCCCCCC)CCCCCCCCC,-8.169989
Clc1c(Cl)ccc(NC(=O)N(CCCC)C)c1,-4.77
Oc1c(N)cccc1,-0.72
N(C(CN1c2c(Sc3c1cccc3)cccc2)C)(CC)CC,-2.145
O=[N+]([O-])c1c(C)c(C(=O)O)cc([N+](=O)[O-])c1,-2.6
Clc1c(Cl)c(Cl)cc(Cl)c1Cl,-5.654971
O=C(O)C(=C)C,0.01
O=[N+]([O-])c1c(OC)cccc1,-1.96
ClC1=CC2C(C3(C1=CC(=O)C=C3)C)CCC1(C2CCC1(OC(=O)C)C(=O)C)C,-4.95
O=C(Nc1ccc(N)cc1)C,-0.98
Clc1c(OC(C)C)cc(n2c(=O)oc(C(C)(C)C)n2)c(Cl)c1,-5.69
O=C1C=C2C(C)(C3C(C4C(C)(C(O)(C#C)CC4)CC3)CC2)CC1,-5.66
C1=CC=CCC=C1,-2.15
O=C1C(=C(O)[C@@H]([C@@H](O)CO)O1)O,0.239374
O=C1C(=C(O)C(C(O)CO)O1)O,-0.805
Oc1c(CCCC)c(C)nc(N(C)C)n1,-2.24
ONc1ccccc1,-0.74
ClCCN(CCCl)P1(=O)OCCCN1,-0.815
Clc1c(Cl)cccc1[N+](=O)[O-],-3.48
S(=O)(=O)(N)c1scc(C(=O)c2ccc(OC)cc2)c1,-4.473
O=C(O)C(N)Cc1ccccc1,-0.74473
Cc1c2c(cc3c1cccc3)cccc2,-5.89
n1c2nccnc2cnc1,0.02
OCc1c(O)cccc1,-0.29
c12c3c4c5c(c1cccc2ccc3)cccc5ccc4,-8.794931
Fc1c(N2CC(N)C2)cc2n(C3CC3)cc(C(=O)O)c(=O)c2c1,-5.324
O=[N+]([O-])c1n(CC(=O)NCc2ccccc2)ccn1,-2.81
O=C(Oc1cc(C)cc(C)c1)NC,-2.58
Brc1c(Cl)cc(OP(=S)(OC)c2ccccc2)c(Cl)c1,-5.66
ClC(Cl)(Cl)C(c1c(Cl)cccc1)c1ccc(Cl)cc1,-6.62
Clc1cc(NC(=O)OC(C)C)ccc1,-3.38497
c12c3cccc1CCc2ccc3,-4.54
O=C1C(c2ccccc2)(c2ccccc2)NC(=O)N1,-4.10651
c12c(cccc1)CCCC2,-4.37
S(=O)(=O)(Nc1oc(C)c(C)n1)c1ccc(N)cc1,-2.44
Clc1ccc([N+](=O)[O-])cc1,-2.92
O=C(Nc1cc2c(c3c(cccc3)C2)cc1)C,-4.235
O([C@@H]1[C@H](O)[C@@H](O)[C@H](O)[C@@H](CO)O1)[C@@]1(CO)[C@@H](O)[C@H](O)[C@@H](CO)O1,0.79
n1cnccc1,1.1
S(=O)(=O)(N(CCC)CCC)c1ccc(C(=O)O)cc1,-4.021
O=C(C)C1(O)C2(C)C(C3C(C4(C)C(=CC(=O)CC4)CC3)CC2)CC1,-4.71
C(CCCCCCCC)CCCCCCC,-8.400008
ClC(Cl)(Cl)c1nc(Cl)ccc1,-3.76
Clc1c(OC)cc(OC)c2C(=O)C3(C(=CC(=O)CC3C)OC)Oc12,-4.65446
Clc1ccc(C(CC(=O)C)c2c(=O)oc3c(c2O)cccc3)cc1,-5.84
ClCC(O)CCl,-0.11
ClC1(Cl)[C@]2(Cl)C(=C(Cl)[C@@]1(Cl)[C@@H]1[C@H]2[C@H]2[C@@H]3O[C@@H]3[C@@H]1C2)Cl,-6.29
S(C(=O)N(CC)C1CCCCC1)CC,-3.4
OC(C(C)(C)C)C,-0.62
O=C(N)c1cnccc1,0.61
Clc1c([N+](=O)[O-])cc(C(=O)O)cc1,-2.66815
O(C(OCC)C)CC,-0.43
O=C(O)CN,0.521792
O1CCCCC1,-0.03
Clc1c(Cl)c(Cl)c2Oc3c(Oc2c1Cl)cccc3,-8.770062
O=C(OC1C2(C)C(C3C(C4(C)C(=CC(=O)CC4)CC3)CC2)CC1)C,-5.18
O=C(OCC)CCC(=O)OCC,-0.959
O=C(N)C,1.58
Brc1c2c(ccc1)cccc2,-4.35
O=C(N(CC(=O)N)C)COC(=O)c1ccccc1,-0.918
S(=O)(=O)(N)c1c(C(F)(F)F)cc2NCNS(=O)(=O)c2c1,-3.02
SCC,-0.6
S=P(SCCSCC)(OCC)OCC,-4.23
O=C(OCCCC)c1c(C(=O)OCCCC)cccc1,-4.33587
Cc1c2c(c3c(cc2)cccc3)ccc1,-5.85
O=[N+]([O-])c1c(N)cccc1,-1.96
Fc1cc2c(=O)c(C(=O)O)cn3C(C)CCc(c23)c1,-3.7326
Cc1c2n3c(sc2ccc1)nnc3,-2.07
P(=O)(OCC)(OCC)OCC,0.43
O=C(N(C)C)NC1CCCCCCC1,-2.36
O=C(NCCc1c2c([nH]c1)ccc(OC)c2)C,-5.094
O=C1N(Cc2ccccc2)C(=O)NC1(C)C,-1.795
S(=O)(=O)(Oc1c(CCCC)c(C)nc(NCC)n1)N(C)C,-4.16
Clc1c(OC)ccc(NC(=O)N(C)C)c1,-2.56
O=C1C2(C)C(C)(C)C(C1)CC2,-1.95466
OC1C2(C)C(C)(C)C(C1)CC2,-2.32
Clc1c(Cl)c(Cl)cc(c1Cl)c1c(Cl)c(Cl)c(Cl)c(Cl)c1,-9.159894
S(=O)(=O)(Nc1sc(C(C)(C)C)nn1)c1ccc(N)cc1,-3.74
O=c1n(C)cccc1,0.96
S(=O)(=O)(N)c1sc2S(=O)CCC(O)c2c1,-1.348
Clc1c(Oc2cc(OC)c([N+](=O)[O-])cc2)ccc(Cl)c1,-5.906
O=CNc1ccccc1,-0.68
ClCCCCCCC,-3.99
S(=O)(=O)(Nc1ncc(C)cn1)c1ccc(N)cc1,-2.82
O=C(O)C(NC(=O)C)Cc1c2c([nH]c1)cccc2,-2.31
Fc1c(N2C[C@@H](C)N[C@@H](C)C2)c(F)c2n(C3CC3)cc(C(=O)O)c(=O)c2c1N,-3.3711
OC(C(O)C(O)CO)C(O)CO,1.09
O(COc1c2OC3C(O)CCC4C53c2c(cc1)CC4N(C)CC5)C,-1.959
S(=O)(=O)(N)c1ccc(N)cc1,-1.38663
O=C(CC)CC,-0.28
O=C(N1C(=O)CCCCC1)c1ccccc1,-2.167
Fc1c(N2CC(N)(C)C2)c(F)cc2c(=O)c(C(=O)O)cn(C3CC3)c12,-5.639
O=C(O)CCC,-0.19
S(CCC(N)C(=O)O)C,-0.42
O=C(N)N1c2c(cccc2)C=Cc2c1cccc2,-3.07931
O=[N+]([O-])C(C)C,-0.62
S=C(NCC)NCC,-1.46
O=C1[C@]2(C)[C@H]([C@H]3[C@@H]([C@]4(C)C(=CC3)C[C@@H](O)CC4)CC2)CC1,-4.06153
O=C(N(C)c1ccccc1)NC(C)(C)c1ccccc1,-3.35
Nc1n(c2ccccc2)nc(C)c1,-0.938
O=C(OCC(=O)C1(O)C2(C)C(C3C(C4(C)C(=CC(=O)CC4)CC3)C(O)C2)CC1)CC(C)(C)C,-5.51
O=C(N(C)C)CCCOC(=O)c1ccccc1,-1.229
Brc1ccc(C(O)(C(=O)OC(C)C)c2ccc(Br)cc2)cc1,-4.93
ClCC(=O)O,0.944261
Clc1c(Cl)c(Cl)c2Oc3c(Cl)c(Cl)c(Cl)c(Cl)c3Oc2c1Cl,-12.790485
O=C(NCCO)C(=O)NCCO,-0.112
OC(CC)(CC)C,-0.38
Clc1c(Cl)c(OC)ccc1Cl,-4.29
Clc1cc(Cl)cc(N2C(=O)C(C=C)(C)OC2=O)c1,-4.93
Brc1cc2c(CN(C)C)c[nH]c2cc1,-4.0552
O=C(N1CC(=O)N2C(c3c(cccc3)CC2)C1)C1CCCCC1,-3.193
c12c3c4c(cc1c1c(c2ccc3)cccc1)cccc4,-8.230032
O=C(NCCCC)COC(=O)c1ccccc1,-2.759
S=C(Nc1ccccc1)N,-1.77
Clc1c(Cl)c(Cl)cc(OC)c1Cl,-5.26
N#CCC,0.28
O=C(N(C)C)C,1.11
O=C(COC(=O)c1ccccc1)N1CCCCCC1,-2.542
S(CC(=NOC(=O)NC)C(C)(C)C)C,-1.62
O=C(OCC=Cc1ccccc1)c1c(N)cccc1,-6.042
Clc1c(Cl)c(Cl)ccc1Cl,-4.63015
c12c3c(c4c(cc3)cccc4)ccc1c1c(cc2)cccc1,-7.869988
O=C1C=C2[C@@](C)([C@@H]3[C@H]([C@H]4[C@@](C)([C@](O)(C)CC4)CC3)CC2)CC1,-3.97988
S(=O)(=O)(Nc1ccc(S(=O)(=O)N)cc1)c1ccc(N)cc1,-2.759
S(=O)(=O)(Nc1ncccc1)c1ccc(N)cc1,-2.81913
O=C(Oc1n(c2ccccc2)nc(C)c1)N(C)C,-2.09
N(C)(C)C,0.84
Nc1c(N)cccc1,-0.42
S(=O)(=O)(NC(=O)OCCCC)N,-1.038
O=C(Nc1ccc(OCC)cc1)N,-2.17
O=C(COC(=O)c1ccccc1)N1CCCC1,-1.568
Clc1cc2Oc3c(Oc2cc1)cccc3,-5.87
Cc1c2c(c3c(cccc3)C2)ccc1,-5.22
O=C(NC(=O)C)N,-0.9
OCCCCCCCCCCCCCCCCCC,-8.400008
N1CCNCC1,1.07
Brc1c(Br)cccc1Br,-5.054741
ClCCC#N,-0.29
Cc1c2c(c3c(c1)cccc3)ccc1c2cccc1,-6.589999
S(=O)(=O)(Nc1ncc(OC)cn1)c1ccc(N)cc1,-2.58
Oc1cnccc1,-0.46
O=C(O)Cn1nnnc1,0.083568
Fc1c(N2CCN(C)CC2)c2OCC(C)n3c2c(c(=O)c(C(=O)O)c3)c1,-1.2655
O=C(OC)N,0.97
OC(c1ccccc1)(c1ccccc1)C1CCN(CCCC(O)c2ccc(C(C)(C)C)cc2)CC1,-4.871
c12c3cccc1c1c(c2ccc3)cccc1,-5.945064
O=c1nc(c2ccccc2)oc2c1cccc2,-4.61
Clc1cc2nccc(Nc3c(C(=O)OCC(O)CO)cccc3)c2cc1,-4.55319
O=[N+]([O-])c1cc2C(=NCC(=O)N(C)c2cc1)c1ccccc1,-3.8
O=C(O)C1C(C(=O)O)C2OC1CC2,-0.27
c12c3c4c5c6c1c(ccc2ccc3ccc4ccc5)ccc6,-9.030118
Cc1cc2c(cc3c(c2)cccc3)cc1,-6.959999
S(=O)(=O)(N)c1scc(C(=O)c2ccc(C)cc2)c1,-4.449
c12c(cc3c(c4c(cccc4)C3)c1)cccc2,-8.040005
c12c3cccc1c1c(c2ccc3)cc2c(c1)cccc2,-8.489991
O=C(C)C1(C)C2(C)C(C3C=C(C)C4=CC(=O)CCC4(C)C3CC2)CC1,-5.27
S(=O)(=O)(N)c1c(C(F)(F)F)cc2NC(Cc3ccccc3)NS(=O)(=O)c2c1,-3.59
N(N)C,1.34
S(CC)Cc1c(OC(=O)NC)cccc1,-2.09
Clc1nc(N(CC)CC)nc(NCC)n1,-4.06
O=C1N(N(c2ccccc2)C(=O)C1CCCC)c1ccc(O)cc1,-3.73
FC(F)(F)c1cc([N+](=O)[O-])c(Oc2ccc([N+](=O)[O-])cc2)cc1,-5.22
C(CCC(C)C)(C)(C)C,-5.05
O=C(OCC)NCCOc1ccc(Oc2ccccc2)cc1,-4.69948
c12c(ccc3c4c(cccc4)Cc13)cccc2,-6.679999
N(N)c1ccccc1,0.07
ClCC(=O)N(COCCCC)c1c(CC)cccc1CC,-4.1915
Clc1c(Cl)c(Cl)cc(c1Cl)c1ccccc1,-7.160001
OCCCCCCCCCCCCCC,-6.105868
S(C(=O)N(C)C)CCCCOc1ccccc1,-3.93
C(CCCCCCCCCCCCC)CCCCCCCCCCCC,-8.330032
O=C(O)[C@@H](N)Cc1[nH]cnc1,-0.56543
O=C1NCCC1,1.07
S=P(OCC)(Oc1c(C(=O)OC(C)C)cccc1)NC(C)C,-4.19
Clc1cc(O)ccc1,-0.7
C(CCC1CCCC1)CC,-6.08
Cc1c(C)cccn1,0.38
Clc1c(Cl)cc(Cl)c(OP(=S)(OC)OC)n1,-4.82
O=C(N)C=C,0.970115
Clc1c(Cl)cc(Cl)c2Oc3c(Oc12)cccc3,-7.596665
C#C,0.29
Fc1c(c2cc(C(=O)O)c(O)cc2)ccc(F)c1,-4.114
O(C)c1ccc(C(O)(c2cncnc2)C2CC2)cc1,-2.6
OC(CCN1CCCCC1)(c1ccccc1)C1CCCCC1,-1.815
Cc1cc(C)cnc1,0.38
O=Cc1occc1,-0.1
O=[N+]([O-])c1c(C2C(=C(C)NC(=C2C(=O)OC)C)C(=O)OC)cccc1,-4.63622
Clc1c2n(CC(=O)O)c(=O)sc2ccc1,-2.61
S(=O)(=O)(N)c1sc2C(=O)CCS(=O)(=O)c2c1,-3.671
S(=O)(=O)(Nc1c(Oc2ccccc2)cc([N+](=O)[O-])cc1)C,-4.489
O=[N+]([O-])c1oc(C=NNC(=O)N)cc1,-2.92
ClC(Cl)(Cl)C(c1ccc(OC)cc1)c1ccc(OC)cc1,-6.589107
O=[N+]([O-])NC(=N)N,-1.37
O=C(OC)Nc1cc(OC(=O)Nc2cc(C)ccc2)ccc1,-4.789885
O=C(O)C(N)Cc1n[nH]c2c1cccc2,-1.407
c12c(cc3c(c1)cccc3)cc1c(c2)cccc1,-8.59998
S(=O)(=O)(N)c1scc(S(=O)(=O)c2ccc(O)cc2)c1,-3.027
O=C(N(CCO)CC)COC(=O)c1ccccc1,-1.367
O=C(OCCCCCC(C)C)c1c(C(=O)OCCCCCC(C)C)cccc1,-6.639999
OC(C(C)C)(C)C,-0.41
Fc1c(N2CC(N)C2)c(F)cc2c(=O)c(C(=O)O)cn(C3CC3)c12,-5.269
O=C(Oc1cc(C)c(N(C)C)cc1)NC,-2.36
ClC1=CC=CCC(=C1NC1C(=CC=CC=C1)CC(=O)OCC(=O)NC(C(=O)OC)C)Cl,-1.45272
C(CCC)CCC,-4.53
O=C(OC1(C#C)C2(C)C(C3C(C4C(=CC(=O)CC4)CC3)CC2)CC1)C,-4.79
OC1C(O)C(O)CC(O)C1O,-0.17
O=C(NN=C(C=NNC(=O)N)C)N,-1.948
O=C(Nc1c(C)cccc1C)C1N(C)CCCC1,-1.55
Clc1cc2oc(=O)n(CSP(=S)(OCC)OCC)c2cc1,-5.23
O=C(O)CCCCCCCCCCCCCCC,-6.809999
O=C(N)c1nccnc1,-0.74
O=[N+]([O-])c1c(O)cccc1,-1.74
S(=O)(=O)(Oc1cc2C(C)(C)C(OCC)Oc2cc1)C,-3.42
O=C(OCCCC)c1c(C(=O)OCc2ccccc2)cccc1,-5.649453
O(C)c1nc(NC(C)C)nc(NC(C)C)n1,-2.48
O=c1n(CC)c2c(n(CC)c3ncccc13)nccc2,-2.86
O=C(OC1=CC(=O)CC(C)(C)C1)N(C)C,-0.85
Clc1c(Cl)cc(c(Cl)c1)c1cc(Cl)c(Cl)cc1,-7.39
Clc1ccc(Oc2ccc(NC(=O)N(C)C)cc2)cc1,-4.89
Oc1ccc(C)cc1,-0.7
O=C(O)C(O)c1ccccc1,0.050732
O=C(OCC)CC(=O)OCC,-0.82
O=[N+]([O-])c1c(C)ccc2c1cccc2,-4.272
Clc1c(c2c(Cl)cccc2)cccc1,-5.27
S=C=Nc1c2c(ccc1)cccc2,-4.6
O=C(O)CCCC(=O)O,1
S(=O)(=O)(N(C(=O)C)c1c(C)c(C)no1)c1ccc(N)cc1,-3.59
O=C(Nc1ccccc1)c1c(C)occ1,-3.3
Clc1c(Cl)cc(Cl)c(Cl)c1,-5.512673
Clc1c(Cl)cc(OP(=S)(OC)OC)c(Cl)c1,-5.72
Clc1ccc(c2c(CC(=O)O)sc(c3ccccc3)n2)cc1,-4.966
O=C(OCC)C=C,-0.74
Clc1c(S(=O)(=O)N)cc(C2(O)NC(=O)c3c2cccc3)cc1,-3.38927
Nc1cc(C)ccc1,-0.85
S(=O)(=O)(Nc1noc(C)c1)c1ccc(N)cc1,-2.77844
S(=O)(=O)(NC(=O)NCCCC)c1ccc(C)cc1,-3.39
O=C(OC(C)C)C,-0.55
Clc1c(C2=NCc3n(c(C)nn3)c3c2cc(Cl)cc3)cccc1,-4.08
CC1NCCNC1,0.74
O=C(OCC)N,0.85
O=C(Nc1cnc(OC)cc1)C1CC1,-2.138
O=C(N(C(=O)C)C)COC(=O)c1ccccc1,-0.495
C(=C)CCCCCCC,-5.05
O=[N+]([O-])CCC,-0.8
O=C(NCCc1cc(OC)c(OC)cc1)CNc1cc(C(=O)NC)ccc1,-1.845
Cc1c2c(c(C)c3c1cccc3)cccc2,-6.570001
N(CCNCc1ccccc1)Cc1ccccc1,-1.206
n1ccccc1,0.76
Cc1ccc(c2sc3c(n2)cccc3)cc1,-4.353
C(CCCCC)(C)C,-5.08
ClC(Cl)C(c1c(Cl)cccc1)c1ccc(Cl)cc1,-6.509999
Fc1c(C(O)(Cn2ncnc2)c2ccc(F)cc2)cccc1,-3.37
CC1OCCC1,0.11
OC(CNC(C)C)c1cc(O)c(O)cc1,0.14
Clc1c(C)ccc(NC(=O)N(C)C)c1,-3.46
S=P(SC(C(=O)OCC)CC(=O)OCC)(OC)OC,-3.36264
O=C(Nc1ccccc1)NC1C(C)CCCC1,-4.11
P(=O)(OCCCC)(OCCCC)O,-1.087
OC(CCC)C,-0.29
Cc1nccc(C)c1,0.38
O(CC(O)CNC(C)C)c1c2c([nH]cc2)ccc1,-3.85453
Clc1c(S(=O)(=O)N)cc2S(=O)(=O)NCNc2c1,-2.6939
O(C)c1c(OC)ccc2C(C3N(C)CCc4c3cc3OCOc3c4)OC(=O)c12,-4.11
ClC(=CC1C(C)(C)C1C(=O)OC(C#N)c1cc(Oc2ccccc2)ccc1)Cl,-8.019997
[nH]1cccc1,-0.17
Cc1cc2c(c3c(cc2)cccc3)cc1,-5.84
FC(F)(F)c1c2[nH]c(=O)c3c(n(CC)c2nc(C)c1)nccc3,-4.21
O=C(O)CCC(=O)O,-0.2
Clc1c(Cl)ccc(c2c(Cl)ccc(Cl)c2)c1,-7.250001
O=[N+]([O-])c1c(C(=O)O)c(C(=O)O)ccc1,-1.00776
O=COCCC,-0.49
OC(C)C,0.43
Oc1noc(C)c1,-0.07
S(=O)(=O)(N)c1ccccc1,-1.56
c12c3cccc1c1c4c(ccc1c2ccc3)cccc4,-8
Clc1c(CN2C(=O)C(C)(C)CO2)cccc1,-2.34
O=C(O)CN(CCC#N)CCC#N,0.46
Nc1c2c(c3c(c4c(cc3)cccc4)c1)cccc2,-6.2
S=C1SCC(=O)N1,-1.77
O=[N+]([O-])c1cc2C(=NCC(=O)Nc2cc1)c1ccccc1,-3.79244
S(=O)(=O)(Nc1scc(C)n1)c1ccc(N)cc1,-2.909
Clc1cc([N+](=O)[O-])ccc1,-2.77
ICCC(=O)O,-0.43
S=c1[nH]c(=O)cc(CCC)[nH]1,-2.15
Cc1nc2ncncc2nc1,0.06
O=[N+]([O-])c1n(CC(O)C)c(C)nc1,-0.737
OCC(C)(C)C,-0.4
Clc1c(Cl)c(Cl)cc(Cl)c1c1c(Cl)cc(Cl)c(Cl)c1,-7.919987
O=C(O)C(C)C,0.28
P(=O)(OC(=CC(=O)NC)C)(OC)OC,0.65
O=c1n(C)c(=O)c2n(CC(O)CO)cnc2n1C,-0.17
CC1=Nc2c(N=C(C)C1)cccc2,-1.367
Clc1c(Cl)cc2c(oc3c2cc(Cl)c(Cl)c3)c1,-8.860121
O=C(NC(=O)C(C(C)C)CC=C)N,-2.747
Clc1cc(c2cc(Cl)ccc2)ccc1,-5.8
S(SC(=S)N(C)C)C(=S)N(C)C,-3.9
Clc1ccc(C2CCC(C3=C(O)C(=O)c4c(C3=O)cccc4)CC2)cc1,-5.93
S(=O)(=O)(O)c1cc2c(cc1)cccc2,-1.265
c12c3cc4c5c(ccc4c1CCc2ccc3)cccc5,-7.850011
CC1C(C)CCCC1,-4.28474
O[C@@H]([C@@H](NC)C)c1ccccc1,-0.385209
O=C(N(CC(C)C)CC(C)C)COC(=O)c1ccccc1,-3.561
FC(F)(F)C(=O)c1ccccc1,-1.155
O=C1NC(=O)CC1,0.3
O=C(NCCc1cc(OC)c(OC)cc1)CNc1cc(C(=O)N)ccc1,-2.686
S(=O)(=O)(c1ccccc1)c1ccccc1,-3.64378
C(CCCC)(CC)C,-5.16
S=P(OCC)(OCC)Oc1ccc([N+](=O)[O-])cc1,-4.28517
O=C(N(CC(O)C)CC(O)C)COC(=O)c1ccccc1,-1.178
O=C(Nc1c(C)cccc1C)C1N(CCCC)CCCC1,-3.2241
S(P(=O)(OC)OC)CCSC(C(=O)NC)C,1.14
O=C(OC(C)(C)C)N,0.1
OCC,1.1
Ic1c(Cl)cc(OP(=S)(OC)OC)c(Cl)c1,-6.62
S=C=NC,-1
c12c3c(ccc1cc1c4c(ccc1c2)cccc4)cccc3,-8.659953
O=C1C(C)(C)C2CC1(C)CC2,-1.85
Clc1cc2C(O)(C(=O)OC)c3c(c2cc1)cccc3,-4.18
O=C(N(CCOC)CCOC)COC(=O)c1ccccc1,-1.573
Ic1c(C(=O)Nc2ccccc2)cccc1,-4.21
Clc1ccc(NC(=O)N(OC)C)cc1,-2.57
Clc1c(Cl)c(Cl)c([N+](=O)[O-])c(Cl)c1Cl,-5.82
ICCCCCCC,-4.81
O=C(O)Cc1cc2N(C)c3c(Sc2cc1)cccc3,-3.94
O=C(N(C)c1ccccc1)C,-0.95
S(=O)(=O)(N)c1ccc(C)cc1,-1.74
S(=O)(=O)(N)c1sc2C(O)CCS(=O)(=O)c2c1,-1.276
O=C(O)c1nc2c(cc1)cccc2,-1.088
N1c2c(cccc2)CC1,-1.04
O=C1C(CC(C)C)OC(O)C(Cc2ccccc2)N1,-2.12
OCCCCCCCCCCCC,-4.67
S(=O)(=O)(N)c1scc(S(=O)(=O)c2cc(O)ccc2)c1,-2.719
Clc1c(Cl)ccc(n2c(=O)n(C)c(=O)o2)c1,-2.82
O=C(O)C1(C)C(C)(C)C(C(=O)O)CC1,-1.42
BrCCCCCCC,-4.43
C(CCC)CCc1ccccc1,-5.21
OC1CCN(CCCN2c3c(Sc4c2cccc4)ccc(C#N)c3)CC1,-3.98
Oc1cc(O)cc(/C=C/c2ccc(O)cc2)c1,-4.34008
O=C(O)C(=C)CC(=O)O,-0.224117
ClC1(C(=C(Cl)C(=C1Cl)Cl)Cl)C1(Cl)C(=C(Cl)C(=C1Cl)Cl)Cl,-7.279998
O=[N+]([O-])c1c(OC(=O)C)c(C(C)(C)C)cc([N+](=O)[O-])c1C,-4.47
S(C(=O)C)[C@H]1[C@H]2[C@H]3[C@@](C)([C@@]4(OC(=O)CC4)CC3)CC[C@@H]2[C@]2(C)C(=CC(=O)CC2)C1,-1.77
OCCO,0.08
O=[N+]([O-])C,0.26
S(=O)(=O)(N)c1c(Oc2ccccc2)c(NCCCC)cc(C(=O)O)c1,-4.118
S(=O)(=O)(N)c1sc2S(=O)(=O)CCC(O)c2c1,-1.65
c12c3c4ccc1CCCc2ccc3CCC4,-5.96
Clc1nc(N(NS(=O)(=O)c2c(C(=O)OCC)cccc2)C=O)nc(OC)c1,-4.58
S(=O)(=O)(CC)CC,0.04
O(C)c1c(CC=C(C)C)c2oc(=O)ccc2cc1,-4.31
ClCC#CCOC(=O)Nc1cc(Cl)ccc1,-4.37
O=[N+]([O-])CC,-0.22
S=P(SCC(=O)NC)(OC)OC,-0.74
O=C(N)Cc1ccc(OCC(O)CNC(C)C)cc1,0.04
ClCC(=O)N(C(C)C)c1ccccc1,-2.48
O=C(OCC(C)C)c1c(C(=O)OCC(C)C)cccc1,-4.68418
O=C(O)c1c(=O)c2c(n(CC)c1)nc(C)cc2,-3.55212
S(=O)(C)c1ccc(/C=C/2\C(=C(CC(=O)O)c3c2ccc(F)c3)C)cc1,-2.3777
O=CC=CC,0.32
O=C(NN)Nc1ccccc1,-2.33
P(=O)(O)(CCC(=O)O)c1ccccc1,-3.078
O=[N+](OC1C2OCC(O[N+](=O)[O-])C2OC1)[O-],-2.63
O=C1C(CCC)C(=O)n2n1c(N(C)C)nc1c2cc(C)cc1,-3.54
O=C(OCCCCCCCC)c1c(C(=O)OCCCCCCCC)cccc1,-5.11
S(=O)(=O)(c1ccc(N)cc1)c1ccc(N)cc1,-2.92725
O=C(NC(CO)(CO)CO)COC(=O)c1ccccc1,-1.268
OC(CC)(C)C,0.08
S=P(OCC)(OCC)N1C(=O)c2c(C1=O)cccc2,-3.35
Clc1c(c2c(Cl)cccc2Cl)c(Cl)cc(Cl)c1,-7.32
O=C(O)C(=O)O,0.38
O=C1N(C)c2c(Oc3ncc(N)cc13)cc(C)cc2,-3.04
OCc1cnccc1,0.96
ClC(=C(Cl)CSC(=O)N(C(C)C)C(C)C)Cl,-4.88
OCCCCCCCCCC,-3.63
O=Cc1cc(OC)c(O)cc1,-1.15489
c12c(cc3c(c1)cccc3)cccc2,-6.436607
C(#C)C,-0.41
O=C1N2C(C(=O)Nc3c1cccc3)CCC2,-3.745
O=C(C=CC=Cc1cc2OCOc2cc1)N1CCCCC1,-3.46
Clc1nc(NC(C#N)(C)C)nc(NCC)n1,-3.15
O=C(OCC)N1CCN(C(=O)OCC)CC1,-0.729
O=CCC,0.58
Clc1cc2Oc3c(Oc2cc1)cc(Cl)cc3,-7.830002
Clc1c(=O)n(C(C)(C)C)c(=O)[nH]c1C,-2.48
Clc1c(Cl)c(Cl)c(OC)c(OC)c1Cl,-5.2395
OC(CNC(C)(C)C)c1cc(CO)c(O)cc1,-1.16115
Clc1c(S(=O)(=O)N)cc(C(=O)NN2C(C)Cc3c2cccc3)cc1,-3.63977
ClC(Cl)(Cl)C(P(=O)(OC)OC)O,-0.338
O1c2c(Oc3c1cccc3)cccc2,-5.324741
O(c1c(CO)cccc1)C1C(O)C(O)C(O)C(CO)O1,-0.85
Clc1c(C(O)(c2cncnc2)c2ccc(Cl)cc2)cccc1,-4.38
Ic1c2c(ccc1)cccc2,-4.55
Clc1c(Cl)c(Cl)c2nccnc2c1Cl,-5.43
C(CC(C)C)(C)(C)C,-4.74
c12c3c(cccc3)Cc1cccc2,-4.967883
O=[N+]([O-])c1cc(N)c(OC)cc1,-3.165
O(COC)C,0.48
S(=O)(=O)(N)c1occ(S(=O)(=O)c2ccc(O)cc2)c1,-2.403
Clc1cc(c2ccccc2)ccc1,-4.88
S(=O)(=O)(N)c1sc2c(n1)ccc(O)c2,-2.503
O=C(O)CCC(=O)NN(C)C,-0.2
O=C(OCC(COC(=O)N)(CCC)C)N,-1.73737
O=C(OCC)c1n(C(C)c2ccccc2)cnc1,-4.74
O=c1[nH]c2c(C)ccnc2n(C2CC2)c2ncccc12,-3.19
O=[N+]([O-])c1ccc(NC(=O)C)cc1,-2.69
N1CCCCC1,1.07
C(C)c1ncccc1,0.51
Ic1c(O)c(I)cc(C#N)c1,-3.61
CC1NCC(C)NC1,0.49
Clc1c(Cl)ccc([N+](=O)[O-])c1,-3.2
Cc1c(C)ccnc1,0.36
O=C1CC2C(C)(C3C(C4C(C)(C(O)CC4)CC3)CC2)CC1,-4.74
O=C(C=Cc1ccc(OC)cc1)c1c(O)cccc1,-5.699
O=[N+]([O-])c1oc(/C=N/N2C(=O)NC(=O)C2)cc1,-3.357
Clc1ccc(N(C(=O)CSP(=S)(OC)OC)C(C)C)cc1,-4.43
ON=C1C(=NO)CCC(C(C)C)C1,-2.39
Brc1c(Cl)cc(OP(=S)(OC)OC)c(Cl)c1,-6.09
O=C(NC(=O)C)COC(=O)c1ccccc1,-2.401
O=C(NC(C)(C)C)COC(=O)c1ccccc1,-2.866
CC1(C)CC(C)CC1,-4.48
OC1C2(C)C(C3C(C4(C)C(CC5SC5C4)CC3)CC2)CC1,-5.41
Clc1nc(NCC)nc(NCC)n1,-4.55
FC(F)(F)c1c(N)c([N+](=O)[O-])c(N(CC)CC)c([N+](=O)[O-])c1,-5.47
Clc1c(Cl)c2oc3c(c2cc1Cl)cc(Cl)c(Cl)c3,-9.159894
O(CC)c1c2OC3C(O)C=CC4C53c2c(cc1)CC4N(C)CC5,-0.82
O(CCNCC(O)COc1c2c([nH]c3c2cccc3)ccc1)c1c(OC)cccc1,-4.2557
Fc1c(N2CCNCC2)cc2n(CC)cc(C(=O)O)c(=O)c2c1,-2.81581
Cc1nc(C)ccc1,0.45
OCCN(CCO)c1ccccc1,-0.73
S(=O)(=O)(N)c1scc(C(=O)c2ccc(O)cc2)c1,-2.861
OC,1.57
O(CCO)Cn1c2nc(N)ncc2nc1,-1.078
OC(C(C)(C)C)(C)C,-0.72
O=C(OCC)CCCCCCCCC(=O)OCC,-3.509
Clc1cc(Cl)cc(N2C(=O)N(C(=O)NC(C)C)CC2=O)c1,-4.38
Clc1c(Cl)c(Cl)c(c(Cl)c1Cl)c1c(Cl)c(Cl)c(Cl)c(Cl)c1Cl,-11.69897
BrC(C(=O)NC(=O)N)(CC)CC,-2.68
S(=O)(=O)(Nc1ncccc1)c1ccc(N/N=C/2\C=C(C(=O)O)C(=O)C=C2)cc1,-6.1367
O=C(O)CC(N)C,1.08
ClCC1C(Cl)C(=O)N(c2cc(C(F)(F)F)ccc2)C1,-4.05
O=C(C)C1C2(C)C(C3C(C4(C)C(=CC3)CC(O)CC4)CC2)CC1,-4.65
C(#C)CCCCCCC,-4.24
Clc1c(OP(=S)(OC)OC)ccc([N+](=O)[O-])c1,-4.31
O=[N+]([O-])c1ccc(C(=O)O)cc1,-2.751
Clc1c2Oc3c(c(Cl)cc(Cl)c3)Oc2cc(Cl)c1,-9
ClC(Cl)C(=O)NC(C(O)c1ccc(S(=O)(=O)C)cc1)CO,-2.15
S(=O)(=O)(NC(=O)NN1CCCCCC1)c1ccc(C)cc1,-3.68
O=C(OCCN(CC)CC)c1ccc(OCC)cc1,-2.71
O=[N+]([O-])c1c(O)c(C(CC)C)cc([N+](=O)[O-])c1,-3.38
O=[N+]([O-])c1c(O)c([N+](=O)[O-])cc([N+](=O)[O-])c1,-2.83
O=C(O)C(CC)CC,-0.81
O=C(c1n2c(C(C(=O)O)CC2)cc1)c1ccccc1,-3.259
CN1CCCCC1,0.23
O=C(O)c1oc(C(=O)O)cc(=O)c1,-1.099
Oc1ccc(C(C(CC)c2ccc(O)cc2)CC)cc1,-4.43
n1ncccc1,1.1
S=C1NCCN1,-0.71
O=C1C2(C)C(c3c(c4c(cc(O)cc4)cc3)CC2)CC1,-5.24
OC(CO)CO,1.12
C(c1ccccc1)(c1ccccc1)(c1ccccc1)c1ccccc1,-7.8
Clc1c(OC)cc(Cl)c(OC)c1,-4.41
O=C(OCC(=O)C1(O)C2(C)C(C3C(C4(C)C(=CC(=O)C=C4)CC3)C(O)C2)CC1)C(C)(C)C,-4.58
OCCC(C)C,-0.52
C(=C\c1ccccc1)/c1ccccc1,-5.790116
O=C(C(C)(C)C)C,-0.72
S(=O)(=O)(N)c1ccc(NC(=O)C)cc1,-1.61
O=[N+]([O-])c1c(C)cccc1,-2.31988
S=P(OC)(OC)Oc1cc(C)c(SC)cc1,-4.57
O(CCO)CCCC,-0.42
O=C(O)CCCCCCCCCCC,-4.62
OC1(C#C)C2(C)C(C3C(C4(C)C(=Cc5oncc5C4)CC3)CC2)CC1,-5.508497
Cc1c2c3c(cc4c5c(ccc4c3CC2)cccc5)cc1,-7.939529
O=C(CO)[C@@H]1[C@]2(C=O)[C@H]([C@H]3[C@H]([C@@H](O)C2)[C@]2(C)C(=CC(=O)CC2)CC3)CC1,-3.85
S(C)c1nc(N(C)C)nc(N(C)C)n1,-2.68
FC(F)(F)c1cc([N+](=O)[O-])c(N(CC(=C)C)CC)c([N+](=O)[O-])c1,-6.12
O=C(NCCN(CC)CC)c1c2c(nc(OCCCC)c1)cccc2,-3.79357
O=C(N(C)C)Nc1ccc(C(C)C)cc1,-3.52058
O=C(OCc1ccccc1)N,-0.35
Clc1cc2c([nH]c3c2ccc(C(C(=O)O)C)c3)cc1,-4.6983
C(CCc1ccccc1)CC,-4.64
Clc1c(CN(CC)c2c([N+](=O)[O-])cc(C(F)(F)F)cc2[N+](=O)[O-])c(F)ccc1,-6.779999
O=c1n(n(C)c(C)c1C(C)C)c1ccccc1,-1.908
O(C)c1nc(NC(C)C)nc(NCC)n1,-2.08
O=C(OCCCC)CCCCCCCCC(=O)OCCCC,-3.72126
N(Cc1occc1)c1ncnc2[nH]cnc12,-3.946
S=C1N(C)CN(C)CS1,-2.13
O=C(Oc1c(C(C)C)cccc1)NC,-2.86
ClC1(Cl)[C@]2(Cl)C(=C(Cl)[C@@]1(Cl)[C@@H]1[C@H]2[C@H]2C=C[C@@H]1C2)Cl,-6.56228
O(CCO)c1ccccc1,-0.70497
Brc1c(Br)cc(Br)c(Br)c1,-6.98
ClC(Cl)C(c1ccc(CC)cc1)c1ccc(CC)cc1,-7.04
N#CN=C(N)N,-0.31
Clc1ccc(CSC(=O)N(CC)CC)cc1,-3.934
Clc1nc(N(CC)CC)nc(N(CC)CC)n1,-4.41
O=c1n(C)c2c(n(CC)c3ncccc13)cccc2,-3.32
O=C(O)CCCCCCCCCCCCCCCCC,-5.68
S(=O)(=O)(Nc1nc(C)nc(OC)c1)c1ccc(N)cc1,-2.54
O=C(O)C(N)C,0.271842
O=C(OCCN(CC)CC)c1ccc(OCCCC)cc1,-3.84
S(=O)(=O)(Nc1nc(C)ccn1)c1ccc(N)cc1,-2.8209
O=C1N(CO)C(=O)NC1(c1ccccc1)c1ccccc1,-4.469
ClC(=CC1C(C)(C)C1C(=O)OC(C#N)c1cc(Oc2ccccc2)c(F)cc1)Cl,-7.339998
O=C(NN)c1ccncc1,0.01
Fc1c(N2CC(NC)C2)c(F)cc2c(=O)c(C(=O)O)cn(C3CC3)c12,-5.312
O=C(O)C,1.22
Ic1cc(Nc2ncnc3c2cc2OC(COC)COc2c3)ccc1,-3.523
S(=O)(=O)(N)c1sc2SCCC(O)c2c1,-2.594
Clc1c(C(=O)O)cc([N+](=O)[O-])cc1,-1.74811
O=C(COC(=O)c1ccccc1)N1C(C(=O)N)CCC1,-1.045
S(=O)(=O)(c1c(O)cccc1)c1c(O)cccc1,-3.319
O=C(OC(C)(C)C)N[C@H](C(=O)O)C,-0.74473
S(=O)(=O)(Nc1n(c2ccccc2)ncc1)c1ccc(N)cc1,-2.32
O=C(O)C(N)CC,0.31
C(Cc1ccccc1)c1ccccc1,-4.62
Oc1c(C)cccc1,-0.62
CN1c2c(Sc3c1cccc3)cccc2,-5.593
Clc1cc(Cl)cc(N2C(=O)C3(C)C(C)(C2=O)C3)c1,-4.8
O(C)c1c2occc2cc2c1oc(=O)cc2,-3.58438
O=C(N(NC(=O)c1ccc(CC)cc1)C(C)(C)C)c1cc(C)cc(C)c1,-5.628
O(Cc1ccccc1)c1c2OC3C(O)C=CC4C53c2c(cc1)CC4N(C)CC5,-2.222
O=C(N[C@@H]1C(=O)N2C(=C(C)CS[C@H]12)C(=O)O)[C@H](N)C1=CCC=CC1,-1.232
O=[N+]([O-])c1sc(N2C(=O)NCC2)nc1,-3.22
OCCCCCCCCCCCCCCC,-6.349999
O=C(NN)c1ccc(OC)cc1,-1.151
O=C(O)CNC(=O)CCC(C)C1C2(C)C(O)CC3C4(C)C(CC(O)C3C2CC1)CC(O)CC4,-5.15
O=C(O)C(NC(=O)C)CCC(=O)O,-0.711
Clc1cc2N(CCCN3CCN(CCO)CC3)c3c(Sc2cc1)cccc3,-4.24034
O=C(OCC)CCCCCCCCC,-4.1
Clc1c(Cl)c(Cl)c2c(c1Cl)oc1c(Cl)c(Cl)c(Cl)c(Cl)c21,-11.522879
S(=O)(=O)(NC(=O)NC1CCCCC1)c1ccc(C)cc1,-4.21
S=P(SCSP(=S)(OCC)OCC)(OCC)OCC,-5.54
O=[N+]([O-])c1c2c(ccc1)cccc2,-3.58886
O=C(O)C(C)c1ccc(N2C(=O)c3c(cccc3)C2)cc1,-4.308
Clc1c(NC(=O)c2c(O)ccc(Cl)c2)ccc([N+](=O)[O-])c1,-4.7
O=C(NCc1ccccc1)N,-0.95
C(C)c1cc2c(cc1)cccc2,-4.29
O=C(OC)CC,-0.14
O=C(OC1CC2N(C)C(C1)CC2)[C@H](CO)c1ccccc1,-1.724
Clc1ccc(S(=O)(=O)NC(=O)NCCC)cc1,-3.12561
S=P(OC)(OC)Oc1ccc([N+](=O)[O-])cc1,-3.68
O=c1n(n(C)c(C)c1N)c1ccccc1,-0.62
ClC(=CC1C(C)(C)C1C(=O)OCc1cc(Oc2ccccc2)ccc1)Cl,-6.29
C(C(C)C)(C(C)C)C,-4.8
Oc1cc(C)ccc1,-0.68
O=[N+]([O-])c1c(C)ccc([N+](=O)[O-])c1,-2.82
O=COC(C)C,-0.63
ClC(Cl)(Cl)C(O)O,0.72
Nc1c(C)cccc1,-0.85
O=[N+]([O-])c1cc2C(=O)OCc2cc1,-2.651
Clc1c(Cl)c(c2c(Cl)cc(Cl)c(Cl)c2)ccc1Cl,-8.320027
S(C)c1nc(NC(C)C)nc(NCC)n1,-3.04
O=C(OC1(C(=O)C)C2(C)C(C3C=C(C)C4=CC(=O)CCC4(C)C3CC2)CC1)C,-5.35
S(=O)(=O)(NCCSP(=S)(OC(C)C)OC(C)C)c1ccccc1,-4.2
O=C(COC(=O)c1ccccc1)N1CCC1,-1.609
FC(F)(F)c1ccc(OC(CCNC)c2ccccc2)cc1,-1.59
O(CC)CC,-0.09
O=[N+]([O-])c1cc(O)ccc1,-1.01
Brc1c([N+](=O)[O-])cc(C(=O)O)cc1,-2.966
OC(C(CO)CC)CCC,-0.54
N1CCCC1,1.15
O=[N+]([O-])c1cc[n+]([O-])cc1,-0.68825
O=[N+]([O-])c1cc(N)c(OCCC)cc1,-3.159
Clc1c(c(Cl)cc(Cl)c1)c1ccc(Cl)cc1,-6.940002
FC(F)(F)c1cc(NC(=O)N(C)C)ccc1,-3.43
Clc1c(Cl)cccc1C1C(=C(C)NC(=C1C(=O)OC)C)C(=O)OCC,-5.682
O=C1c2c(C(=O)c3c1cccc3)cccc2,-5.19
O=C(OCC(CCCC)CC)CCCCC(=O)OCC(CCCC)CC,-5.064
Clc1c(Cl)cc(Cl)c(OP(=S)(OCC)OCC)n1,-5.513696
O=C(NCC(C)C)N1C(=O)NCC1,-2.15
O(CCOC)CCOC,0.88
Cc1c2c(c(C)ccc2)ccc1,-4.74
O=C(Oc1c(C2OCCO2)cccc1)NC,-1.57
Cc1c(C)c2c(c3c1c1c(cc3)cccc1)cccc2,-7.009999
O=C1N(C)CCC1,1
S(C(=O)N(CCCC)CC)CCC,-3.37896
SCC(=O)Nc1cc2c(cc1)cccc2,-3.337
O=C(N)c1c(O)ccc(C(O)CNC(CCc2ccccc2)C)c1,-1.3
Clc1c(=O)oc2c(c1C)cc(OP(=S)(OCC)OCC)cc2,-5.38
CN1CCOCC1,1
Clc1c(Cl)c2Oc3c(Oc2cc1Cl)cc(Cl)cc3,-8.890084
S(=O)(=O)(NC(=O)C)c1ccc(N)cc1,-1.35405
O=C(OCCCC)N,-0.66
O=[N+]([O-])c1c(C(=O)O)cccc1,-1.474
c12c(c3c(c4c1cccc4)cccc3)cccc2,-6.74
O=C(O)CCCCCN,-0.97469
O=C(Oc1cc(C(C)(C)C)cc(C(C)(C)C)c1)NC,-4.24
FC(F)(F)c1cc([N+](=O)[O-])c(N(CCCC)CC)c([N+](=O)[O-])c1,-5.53
O=Cc1c(O)cccc1,-0.86
F[C@]12[C@@H](O)C[C@]3(C)[C@@](OC(=O)CCCC)(C(=O)CO)[C@@H](C)C[C@H]3[C@@H]1CCC1=CC(=O)C=C[C@]21C,-4.9073
FC12C3(C)C(=CC(=O)C=C3)CCC1C1C(C)(C(OC(=O)CCCC)(C(=O)CO)C(C)C1)CC2O,-4.71
CN1C(c2cnccc2)CCC1,0.79
O=[N+](OC(CO[N+](=O)[O-])CO[N+](=O)[O-])[O-],-2.22
S(=O)(=O)(NC(=O)C)c1ccc(NC(=O)c2c(C(=O)O)cccc2)cc1,-2.517
O[C@@H](CNC)c1cc(O)ccc1,0.58
ClC(=CCl)CSC(=O)N(C(C)C)C(C)C,-4.06988
Fc1c(N2CCN(CC)CC2)cc2n(C3CC3)cc(C(=O)O)c(=O)c2c1,-3.1811
O=[N+]([O-])c1c(C)c([N+](=O)[O-])cc([N+](=O)[O-])c1,-3.22
Clc1nnc(SCC(=O)N(CC)CC)cc1,-1.72
P(=O)(OCCCC)(OCCCC)OCCCC,-2.846
Clc1c(Oc2cc(C(=O)OC)c([N+](=O)[O-])cc2)ccc(Cl)c1,-6
O=c1n(C)c2c(n(CC)c3ncccc13)nccc2,-2.62
O=C(C(C)C)C,-0.12
Clc1c(Cl)cc(Cl)c2nsnc12,-4.98
O=C(O)CCCCCCCCCCCCC,-5.33
C(CCCC)CCC,-5.24
o1c2c(c3c1cccc3)cccc2,-4.51267
c12c3c4c5c(c1cccc2ccc3ccc4)cccc5,-7.799998
O=[N+]([O-])c1c(OCC(=O)O)cccc1,-2.014
O=[N+]([O-])c1ccc(N)cc1,-2.37
Clc1cc2[nH]c(=O)oc2cc1,-2.77605
O=COC,0.58
O=C1N=CN=CC1,0.59
Fc1c(N2CC(N)(C)C2)cc2n(C3CC3)cc(C(=O)O)c(=O)c2c1,-5.616
O=NN(c1ccccc1)c1ccccc1,-3.75
O=C(N(CCO)CCO)COC(=O)c1ccccc1,0.43
O=C(O)CCN,0.999479
ClC(=C(c1ccc(Cl)cc1)c1ccc(Cl)cc1)Cl,-6.899998
OC(CNC)c1cc(O)c(O)cc1,-0.962
ClC1=C(NC2C=C(CC(=O)OCC(=O)NC(C(=O)OC)C(C)C)C=CC=C2)C(Cl)C=CC=C1,-1.59908
O=C1C(N2C(=O)c3c(C2=O)cccc3)CCC(=O)N1,-2.68
Clc1c(c2ccc(Cl)cc2)cccc1,-5.28
Brc1cc(Nc2ncnc3c2cc2OC(COC)COc2c3)ccc1,-3.222
S(=O)(=O)(N)c1sc2C(O)CCSc2c1,-2.254
[nH]1c2c(c3c1cccc3)cccc2,-4.97
Clc1cc(NC(=O)OC(C#C)C)ccc1,-2.62
OC(CN)c1ccccc1,-0.48
S=C(N)N,0.32
C(#C)CCCCCC,-3.66
S(=O)(=O)(N)c1cc([N+](=O)[O-])c(N(CCC)CCC)c([N+](=O)[O-])c1,-5.16
OC(C(O)CO)CO,0.7
ClC(Cl)(Cl)C(O)(c1ccc(Cl)cc1)c1ccc(Cl)cc1,-5.67
Brc1c(O)c(Br)cc(C#N)c1,-3.33
O=[N+]([O-])c1c(OC)ccc(OC)c1,-3.117
O=C(OC)CCCCCCCCCCC,-4.69
O=C(COC(=O)c1ccccc1)N1C(C(=O)OC)CCC1,-2.084
O=C(OC(COC(=O)C)COC(=O)C)C,-0.6
F[C@]12[C@@H](O)C[C@]3(C)[C@@](O)(C(=O)CO)[C@@H](C)C[C@H]3[C@@H]1CCC1=CC(=O)C=C[C@]21C,-3.7945
C(N1CCN(C)CC1)(c1ccccc1)c1ccccc1,-1.527
O=C(N)C(CCN(C(C)C)C(C)C)(c1ncccc1)c1ccccc1,-1.75
O=C1N(C)C(=O)NC(=O)C1(C)C1=CCCCC1,-2.76364
O=[N+]([O-])c1n(CCO)c(C)nc1,-1.20351
S(=O)(=O)(N)c1scc(S(=O)(=O)c2ccc(OC)cc2)c1,-4.222
S(=O)(=O)(NC(=O)NCCCC)c1ccc(N)cc1,-2.18
S(=O)(=O)(NC(=O)OC)c1ccc(N)cc1,-1.66
O=C(OC)C1C(C(=O)OC)C2C=CC1C2,-1.2
Clc1c(Cl)cc(c(Cl)c1)c1ccccc1,-6.27
S(=O)(=O)(NC(=O)NC1CCCCC1)c1ccc(C(=O)C)cc1,-2.06
F[C@H]1C(=O)[C@]2(C)[C@H]([C@H]3[C@@H]([C@]4(C)C(=CC3)CCCC4)CC2)C1,-6.79588
O=C1C=C2[C@@H]([C@@H]3[C@H]([C@H]4[C@@](C)([C@](O)(C#C)CC4)CC3)CC2)CC1,-4.69398
Clc1c(Cl)c(Cl)cc(OC)c1OC,-4.37
C(CCC)CC,-3.84
S(=O)(=O)(Nc1nnc(OC)cc1)c1ccc(N)cc1,-3.28
BrCCCCCCCC,-5.06
O=C(Oc1cc(C)ccc1)NC,-1.8
Oc1cc2[C@@]3(C)[C@@H](C)[C@H](N(CC=C(C)C)CC3)Cc2cc1,-3.8032
Oc1cc2c(cc1)C1C(C3C(C)(C(O)CC3)CC1)CC2,-4.84
O=C(OCC(=O)C1C2(C)C(C3C(C4(C)C(=CC(=O)CC4)CC3)CC2)CC1)C,-4.63
Clc1cc2C(=NCc3n(c(C)nn3)c2cc1)c1ccccc1,-3.433
O=C(NO)N,1.12
ClC1(Cl)C(=C(Cl)C(=C1Cl)Cl)Cl,-5.18
SC(C(N)C(=O)O)(C)C,-0.13
O=C(OC)C(=C)C,-0.8
S(=O)(=O)(N)c1sc2S(=O)(=O)CCCc2c1,-2.679
O(CC(O)CNC(C)(C)C)c1c2c(ccc1)C[C@@H](O)[C@@H](O)C2,-1.008
O=C(O)c1cc2c(nccc2)cc1,-0.043
ClCC(=O)N,-0.02
S(=O)(=O)(N)c1occ(S(=O)(=O)c2ccc(OC)cc2)c1,-3.024
O=[N+]([O-])c1cc([N+](=O)[O-])cc(C(=O)O)c1,-2.417
O=COCC,0.15
Clc1c(Cl)c(Cl)c2Oc3c(c(Cl)c(Cl)c(Cl)c3)Oc2c1Cl,-11.221848
Clc1c(Cl)c(Cl)c2Oc3c(Oc2c1Cl)cc(Cl)c(Cl)c3,-9.950782
O=[N+]([O-])c1cc([N+](=O)[O-])ccc1,-2.29
c12c(c3c(cc1)cccc3)ccc1c2cccc1,-8.059982
Clc1ccc(Nc2/c(=N/C(C)C)/cc3n(c4ccc(Cl)cc4)c4c(nc3c2)cccc4)cc1,-6.244
CC1(C)OC2(C)CCC1CC2,-1.72074
N(CCC)CCC,-0.46
N#CC,0.26
OC(c1c2c(ncc1)cccc2)C1N2CC(CC)C(C1)CC2,-2.63
OC(CCC)(C)C,-0.49
S(=O)(=O)(Nc1c(C)cc(S(=O)(=O)c2ccccc2)cc1)C(F)(F)F,-3.8
Clc1c(Cl)c(c2cc(Cl)c(Cl)cc2)ccc1Cl,-7.050001
ClC(Cl)C(=O)N[C@@H]([C@H](O)c1ccc([N+](=O)[O-])cc1)CO,-1.9759
Clc1cc2N(CCCN3CCN(C)CC3)c3c(Sc2cc1)cccc3,-4.4
Clc1nc(NC(C)C)nc(NC(C)C)n1,-4.43
O=C1NC(=O)CN1,-0.4
O=C(COC(=O)c1ccccc1)N1C(C)CCCC1C,-0.824
O=C(Nc1ccccc1)c1c(O)cccc1,-3.59
S(=O)(=O)(N)c1sc2SCCC(=O)c2c1,-3.552
O=C(O)CCCCCC(=O)O,-0.25192
O=C(O)Cc1ccccc1,-0.88838
Clc1cc2Oc3c(Oc2cc1)ccc(Cl)c3,-7.180002
c1(c2nc3c(cc2)cccc3)nc2c(cc1)cccc2,-5.4
S(SC)C,-1.44
OCC1C(O)C(O)C(O)C(O)O1,0.74
O=c1n(C2OC(CO)CC2)ccc(N)n1,-0.433
O=C(N(CCO)C)COC(=O)c1ccccc1,-1.09
OCCc1ccccc1,-0.74
Clc1c(Cl)c(Cl)c2Oc3c(Oc2c1Cl)cc(Cl)cc3,-9.480172
O=C(O)[C@@H](N)Cc1cc(O)c(O)cc1,-1.529
Clc1ccc(OC(C(=O)C(C)(C)C)n2ncnc2)cc1,-3.61
OCc1ccccc1,-0.4
Cc1c(C)cc2c(c1)cccc2,-4.72
S=P(OC)(OC)Oc1ccc(Sc2ccc(OP(=S)(OC)OC)cc2)cc1,-6.24
Fc1c(N2CC(N)(C)C2)c(F)c2n(C3CC3)cc(C(=O)O)c(=O)c2c1N,-4.376
O=C(O)c1c(O)ccc(O)c1,-0.10902
OCC(CO)(CO)CO,-0.44
O=C(N(CC)CC)C(Oc1c2c(ccc1)cccc2)C,-3.57
FC(F)(F)c1cc(Oc2c(C(=O)Nc3c(F)cc(F)cc3)cccn2)ccc1,-6.897001
Clc1c(=O)n(c2ccccc2)ncc1N,-2.80245
P(=O)(OCC)(OCC)Oc1ccc([N+](=O)[O-])cc1,-2.059
O=C(OCC)Nc1cc(OC(=O)Nc2ccccc2)ccc1,-4.63
O=S1(=O)N(C)/C(=C(/O)\Nc2ncccc2)/C(=O)c2sccc12,-3.78351
O=C(OCC)C1(c2ccccc2)CCN(C)CC1,-1.89
O=c1n(C)ccc(=O)[nH]1,-0.8
Fc1c(N2CC(NC)C2)cc2n(C3CC3)cc(C(=O)O)c(=O)c2c1,-5.405
Clc1c(Oc2c(O)cc(Cl)cc2)ccc(Cl)c1,-4.46
O=C(OCC)C,-0.04
S(=O)(=O)(N)c1sc2C(O)CCS(=O)c2c1,-1.57
O=[N+]([O-])c1cc2c(c3c(cccc3)C2)cc1,-4.723
O=C(NC)N,1.13
O=C(N(C)c1ccccc1)COc1sc2c(n1)cccc2,-4.87
Clc1c(Oc2ccc([N+](=O)[O-])cc2)ccc(Cl)c1,-5.46
O=C(N[C@@H]1C(=O)N2C(=C(COC(=O)C)CS[C@H]12)C(=O)O)Cc1sccc1,-2.938
O=[N+]([O-])c1cc(N)ccc1,-2.19
Clc1cc2C(=Nc3c(Oc2cc1)cccc3)N1CCN(C)CC1,-4.419
c1(c2ccccc2)ccc(c2ccccc2)cc1,-7.109998
O=C(NNCc1ccccc1)c1noc(C)c1,-2.46
Clc1c(Cl)ccc(NC(=O)N(OC)C)c1,-3.55543
S=C1NC(=O)C(C(CCC)C)(CC=C)C(=O)N1,-3.46
Clc1c(Cl)ccc(NC(=O)N(C)C)c1,-3.82201
O=C(CCC)C,-0.19
O=C(OC(C#N)c1cc(Oc2ccccc2)ccc1)C1C(C)(C)C1(C)C,-6.03
O=C(O)Cc1ccc(O)cc1,-0.94422
N#Cc1c(C#N)cccc1,-2.38
Fc1c(N)[nH]c(=O)nc1,-1.05193
Clc1n(C(C)C)nc(OP(=S)(OCC)OCC)n1,-3.66
Nc1ccc(c2sc3c(n2)ccc(C)c3)cc1,-3.68
O=[N+]([O-])c1c(CO)cc2OCOc2c1,-3.064
O=C(N)N,0.96
O=[N+]([O-])c1c(C)c([N+](=O)[O-])ccc1,-3
O(C(C#N)c1ccccc1)C1C(O)C(O)C(O)C(COC2C(O)C(O)C(O)C(CO)O2)O1,-0.77
S(=O)(=O)(N=C(N)CCSCc1nc(N=C(N)N)sc1)N,-2.6468
S(CCC(NC(=O)C)C(=O)O)C,0.032
Cc1ncc(C)cc1,0.4
O=C(NCC(=O)N)COC(=O)c1ccccc1,-1.498
O=C1OCC(=C1)C1C2(C)C(O)(C3C(C4(C)C(CC(O)CC4)CC3)CC2)CC1,-4.574
O=c1n(C)c2ncn(C)c2c(=O)[nH]1,-2.58679
S(P(=O)(OC)NC(=O)C)C,0.54
O=C(N)Cc1ccc(O)cc1,-2.38601
S(SCCC(=O)O)CCC(=O)O,-0.19
S(=O)(=O)(N)c1c(C)cccc1,-2.02
Nc1cc2c(cc3c(c2)cccc3)cc1,-5.17
S(=O)(=O)(Nc1nccnc1)c1ccc(N)cc1,-3.7
S(C)c1c(C)cc(OC(=O)NC)cc1C,-3.921
O=C(Oc1c(C)c(C)nc(N(C)C)n1)N(C)C,-1.95
O=C(N(C)C)NC1C2C3C(C(C1)C2)CCC3,-3.01
Cc1cc2c(cc(C)cc2)cc1,-4.89
O=c1c(O)c(CC)occ1,-0.89378
O=C1C2(C)C(C3C(C4(C)C(CC3)CCCC4)CC2)CC1,-6.7
O=c1cc2sc3c(nc2cc1)cccc3,-3.716
O=C(OC1C(Cc2ccc(OC)cc2)NCC1O)C,-1.61
O=C(OCCC)C,-0.72
o1cccc1,-0.82
S=c1n(C)c2c(n(CC)c3ncccc13)nccc2,-4.63
O1CCNCC1,1.06
O=C(OC)c1cnccc1,-0.46
F[C@]12[C@@H](O)C[C@]3(C)[C@]4(C(=O)CO)OC(C)(C)O[C@@H]4C[C@H]3[C@@H]1CCC1=CC(=O)C=C[C@]21C,-4.32
c12c3c(ccc1cccc2)cccc3,-5.258842
O=C(O)c1cscc1,-1.47
O=[N+]([O-])c1ccc(C(=O)OC)cc1,-3.035
Clc1c(C#N)c(Cl)ccc1,-4.24
O(CC(C)(C)c1ccc(OCC)cc1)Cc1cc(Oc2ccccc2)ccc1,-8.59998
O=c1c2c(sc3c1cccc3)cccc2,-5.54
O=C(OC)CCCCCCCCC,-4.63
Clc1ccc(c2ccc(Cl)cc2)cc1,-6.56
O=C(COC(=O)c1ccccc1)N1CCC(O)CC1,-1.349
FC(F)(F)c1cc(c2c(=O)c(c3ccccc3)cn(C)c2)ccc1,-4.44
S(=O)(=O)(Nc1nc(C)nc(C)c1)c1ccc(N)cc1,-2.27725
Nc1c2c3c4c(cc2)cccc4ccc3cc1,-0.61272
O=C(N(C)C)Cc1c(c2ccc(C)cc2)nc2n1cc(C)cc2,-1.297
O=[N+]([O-])C1=C(OCC)C(=O)N(C(C)C)C1,-4.331
O=C(O)CCCCCCCCCC,-3.55
O=C(O)[C@@H](N)CCC(=O)N,-0.55
Fc1c(N2CC(C)NCC2)c(F)cc2c(=O)c(C(=O)O)cn(CC)c12,-2.3328
C(=C)CCCCC,-3.73
S(=O)(=O)(N)c1sc2c(S(=O)(=O)CC(O)C2)c1,-1.589
ClC(Cl)C(=O)NC1=C(Cl)C(=O)c2c(C1=O)cccc2,-5.03
C(C(C)C)(C)(C)C,-4.36
S(=O)(=O)(NC(=O)NC1CCCCC1)c1ccc(CCNC(=O)c2ncc(C)nc2)cc1,-5.4881
O=[N+]([O-])c1cc2c(cc1)cccc2,-3.824
Sc1nc(O)c(C)cn1,-2.45
N(CC)(CC)CC,-0.14
OC(c1ccccc1)(c1ccccc1)C1CCNCC1,-1.386
Clc1cc(C(=O)NCCc2ccc(S(=O)(=O)NC(=O)NC3CCCCC3)cc2)c(OC)cc1,-5.09
S=P(OC)(OC)Oc1cc(C)c([N+](=O)[O-])cc1,-4.14976
O=C(OCCCCC)c1ccc(O)cc1,-3.813
Clc1c(Cl)c(Cl)cc(Cl)c1c1cc(Cl)c(Cl)cc1,-7.659992
O=NN(C(=O)N)C,-0.85
O=Cc1ccc(OC)cc1,-1.49
O=C(Nc1sc(C)cn1)C1=C(c2c(S(=O)(=O)N1C)cccc2)O,-2.99568
FC(F)(F)c1cc([N+](=O)[O-])c(N(CCC)CCC)c([N+](=O)[O-])c1,-5.68
O=c1n(c(=O)c2c([nH]1)CCC2)C1CCCCC1,-4.59
O=CCCC,-0.01
O=C(CC)C,0.52
O=C(N(C(C)C)C(C)C)COC(=O)c1ccccc1,-3.341
C(C)c1cc2c(cc3c(c2)cccc3)cc1,-6.89
OCC(C)C,0.04
ClC1(Cl)C2(Cl)C(=C(Cl)C1(Cl)C1C2C(Cl)C2OC12)Cl,-6.151085
ClC(=CC1C(C)(C)C1C(=O)OC(C#N)c1cc(Oc2ccccc2)ccc1)C(F)(F)F,-8.179996
O=[N+]([O-])c1c(O)c(C)cc([N+](=O)[O-])c1,-1.46
O=C(OC(C)(C)C)N[C@H](C(=O)O)Cc1ccccc1,-2.1549
Cc1ccc(c2ccccc2)cc1,-4.62
S(=O)(=O)(Nc1nc(OC)nc(OC)c1)c1ccc(N)cc1,-2.96
Clc1c(S(=O)(=O)N)cc(C(=O)O)c(NCc2occc2)c1,-3.80528
